"","subject","reward","sex","phase","day","behavior","value"
"1","545","heroin","female","cue_reactivity",1,"active",82
"2","545","heroin","female","cue_reactivity",1,"inactive",13
"3","545","heroin","female","cue_reactivity",1,"infusion",27
"4","545","heroin","female","ivsa",1,"active",69
"5","545","heroin","female","ivsa",1,"inactive",45
"6","545","heroin","female","ivsa",1,"infusion",33
"7","545","heroin","female","ivsa",2,"active",149
"8","545","heroin","female","ivsa",2,"inactive",55
"9","545","heroin","female","ivsa",2,"infusion",39
"10","545","heroin","female","ivsa",3,"active",329
"11","545","heroin","female","ivsa",3,"inactive",36
"12","545","heroin","female","ivsa",3,"infusion",62
"13","545","heroin","female","ivsa",4,"active",230
"14","545","heroin","female","ivsa",4,"inactive",7
"15","545","heroin","female","ivsa",4,"infusion",47
"16","545","heroin","female","ivsa",5,"active",230
"17","545","heroin","female","ivsa",5,"inactive",3
"18","545","heroin","female","ivsa",5,"infusion",45
"19","545","heroin","female","ivsa",6,"active",164
"20","545","heroin","female","ivsa",6,"inactive",25
"21","545","heroin","female","ivsa",6,"infusion",41
"22","545","heroin","female","ivsa",7,"active",80
"23","545","heroin","female","ivsa",7,"inactive",12
"24","545","heroin","female","ivsa",7,"infusion",34
"25","545","heroin","female","ivsa",8,"active",74
"26","545","heroin","female","ivsa",8,"inactive",10
"27","545","heroin","female","ivsa",8,"infusion",34
"28","545","heroin","female","ivsa",9,"active",121
"29","545","heroin","female","ivsa",9,"inactive",10
"30","545","heroin","female","ivsa",9,"infusion",35
"31","545","heroin","female","ivsa",10,"active",56
"32","545","heroin","female","ivsa",10,"inactive",2
"33","545","heroin","female","ivsa",10,"infusion",31
"34","B447","heroin","female","cue_reactivity",1,"active",0
"35","B447","heroin","female","cue_reactivity",1,"inactive",0
"36","B447","heroin","female","cue_reactivity",1,"infusion",0
"37","B447","heroin","female","ivsa",1,"active",13
"38","B447","heroin","female","ivsa",1,"inactive",18
"39","B447","heroin","female","ivsa",1,"infusion",9
"40","B447","heroin","female","ivsa",2,"active",32
"41","B447","heroin","female","ivsa",2,"inactive",28
"42","B447","heroin","female","ivsa",2,"infusion",25
"43","B447","heroin","female","ivsa",3,"active",43
"44","B447","heroin","female","ivsa",3,"inactive",4
"45","B447","heroin","female","ivsa",3,"infusion",33
"46","B447","heroin","female","ivsa",4,"active",63
"47","B447","heroin","female","ivsa",4,"inactive",2
"48","B447","heroin","female","ivsa",4,"infusion",37
"49","B447","heroin","female","ivsa",5,"active",38
"50","B447","heroin","female","ivsa",5,"inactive",0
"51","B447","heroin","female","ivsa",5,"infusion",35
"52","B447","heroin","female","ivsa",6,"active",65
"53","B447","heroin","female","ivsa",6,"inactive",0
"54","B447","heroin","female","ivsa",6,"infusion",38
"55","B447","heroin","female","ivsa",7,"active",31
"56","B447","heroin","female","ivsa",7,"inactive",1
"57","B447","heroin","female","ivsa",7,"infusion",24
"58","B447","heroin","female","ivsa",8,"active",34
"59","B447","heroin","female","ivsa",8,"inactive",1
"60","B447","heroin","female","ivsa",8,"infusion",28
"61","B447","heroin","female","ivsa",9,"active",35
"62","B447","heroin","female","ivsa",9,"inactive",0
"63","B447","heroin","female","ivsa",9,"infusion",26
"64","B447","heroin","female","ivsa",10,"active",57
"65","B447","heroin","female","ivsa",10,"inactive",1
"66","B447","heroin","female","ivsa",10,"infusion",40
"67","G258","heroin","female","cue_reactivity",1,"active",31
"68","G258","heroin","female","cue_reactivity",1,"inactive",20
"69","G258","heroin","female","cue_reactivity",1,"infusion",18
"70","G258","heroin","female","cue_reactivity",30,"active",46
"71","G258","heroin","female","cue_reactivity",30,"inactive",7
"72","G258","heroin","female","cue_reactivity",30,"infusion",18
"73","G258","heroin","female","ivsa",1,"active",30
"74","G258","heroin","female","ivsa",1,"inactive",20
"75","G258","heroin","female","ivsa",1,"infusion",18
"76","G258","heroin","female","ivsa",2,"active",53
"77","G258","heroin","female","ivsa",2,"inactive",62
"78","G258","heroin","female","ivsa",2,"infusion",37
"79","G258","heroin","female","ivsa",3,"active",67
"80","G258","heroin","female","ivsa",3,"inactive",53
"81","G258","heroin","female","ivsa",3,"infusion",50
"82","G258","heroin","female","ivsa",4,"active",48
"83","G258","heroin","female","ivsa",4,"inactive",41
"84","G258","heroin","female","ivsa",4,"infusion",38
"85","G258","heroin","female","ivsa",5,"active",58
"86","G258","heroin","female","ivsa",5,"inactive",38
"87","G258","heroin","female","ivsa",5,"infusion",33
"88","G258","heroin","female","ivsa",6,"active",200
"89","G258","heroin","female","ivsa",6,"inactive",81
"90","G258","heroin","female","ivsa",6,"infusion",57
"91","G258","heroin","female","ivsa",7,"active",121
"92","G258","heroin","female","ivsa",7,"inactive",31
"93","G258","heroin","female","ivsa",7,"infusion",36
"94","G258","heroin","female","ivsa",8,"active",39
"95","G258","heroin","female","ivsa",8,"inactive",3
"96","G258","heroin","female","ivsa",8,"infusion",23
"97","G258","heroin","female","ivsa",9,"active",159
"98","G258","heroin","female","ivsa",9,"inactive",32
"99","G258","heroin","female","ivsa",9,"infusion",38
"100","G258","heroin","female","ivsa",10,"active",142
"101","G258","heroin","female","ivsa",10,"inactive",14
"102","G258","heroin","female","ivsa",10,"infusion",42
"103","G266","heroin","female","cue_reactivity",1,"active",21
"104","G266","heroin","female","cue_reactivity",1,"inactive",4
"105","G266","heroin","female","cue_reactivity",1,"infusion",9
"106","G266","heroin","female","cue_reactivity",30,"active",114
"107","G266","heroin","female","cue_reactivity",30,"inactive",3
"108","G266","heroin","female","cue_reactivity",30,"infusion",18
"109","G266","heroin","female","ivsa",1,"active",0
"110","G266","heroin","female","ivsa",1,"inactive",3
"111","G266","heroin","female","ivsa",1,"infusion",0
"112","G266","heroin","female","ivsa",2,"active",4
"113","G266","heroin","female","ivsa",2,"inactive",2
"114","G266","heroin","female","ivsa",2,"infusion",3
"115","G266","heroin","female","ivsa",3,"active",25
"116","G266","heroin","female","ivsa",3,"inactive",2
"117","G266","heroin","female","ivsa",3,"infusion",15
"118","G266","heroin","female","ivsa",4,"active",60
"119","G266","heroin","female","ivsa",4,"inactive",4
"120","G266","heroin","female","ivsa",4,"infusion",29
"121","G266","heroin","female","ivsa",5,"active",106
"122","G266","heroin","female","ivsa",5,"inactive",13
"123","G266","heroin","female","ivsa",5,"infusion",29
"124","G266","heroin","female","ivsa",6,"active",150
"125","G266","heroin","female","ivsa",6,"inactive",8
"126","G266","heroin","female","ivsa",6,"infusion",47
"127","G266","heroin","female","ivsa",7,"active",117
"128","G266","heroin","female","ivsa",7,"inactive",1
"129","G266","heroin","female","ivsa",7,"infusion",36
"130","G266","heroin","female","ivsa",8,"active",129
"131","G266","heroin","female","ivsa",8,"inactive",1
"132","G266","heroin","female","ivsa",8,"infusion",46
"133","G266","heroin","female","ivsa",9,"active",123
"134","G266","heroin","female","ivsa",9,"inactive",2
"135","G266","heroin","female","ivsa",9,"infusion",39
"136","G266","heroin","female","ivsa",10,"active",106
"137","G266","heroin","female","ivsa",10,"inactive",15
"138","G266","heroin","female","ivsa",10,"infusion",37
"139","G311","heroin","female","cue_reactivity",30,"active",23
"140","G311","heroin","female","cue_reactivity",30,"inactive",0
"141","G311","heroin","female","cue_reactivity",30,"infusion",15
"142","G311","heroin","female","ivsa",1,"active",65
"143","G311","heroin","female","ivsa",1,"inactive",126
"144","G311","heroin","female","ivsa",1,"infusion",43
"145","G311","heroin","female","ivsa",2,"active",50
"146","G311","heroin","female","ivsa",2,"inactive",16
"147","G311","heroin","female","ivsa",2,"infusion",27
"148","G311","heroin","female","ivsa",3,"active",47
"149","G311","heroin","female","ivsa",3,"inactive",15
"150","G311","heroin","female","ivsa",3,"infusion",33
"151","G311","heroin","female","ivsa",4,"active",56
"152","G311","heroin","female","ivsa",4,"inactive",13
"153","G311","heroin","female","ivsa",4,"infusion",50
"154","G311","heroin","female","ivsa",5,"active",38
"155","G311","heroin","female","ivsa",5,"inactive",14
"156","G311","heroin","female","ivsa",5,"infusion",35
"157","G311","heroin","female","ivsa",6,"active",24
"158","G311","heroin","female","ivsa",6,"inactive",15
"159","G311","heroin","female","ivsa",6,"infusion",20
"160","G311","heroin","female","ivsa",7,"active",4
"161","G311","heroin","female","ivsa",7,"inactive",3
"162","G311","heroin","female","ivsa",7,"infusion",2
"163","G311","heroin","female","ivsa",8,"active",10
"164","G311","heroin","female","ivsa",8,"inactive",24
"165","G311","heroin","female","ivsa",8,"infusion",7
"166","G311","heroin","female","ivsa",9,"active",6
"167","G311","heroin","female","ivsa",9,"inactive",5
"168","G311","heroin","female","ivsa",9,"infusion",6
"169","G311","heroin","female","ivsa",10,"active",6
"170","G311","heroin","female","ivsa",10,"inactive",0
"171","G311","heroin","female","ivsa",10,"infusion",5
"172","G327","heroin","female","cue_reactivity",1,"active",32
"173","G327","heroin","female","cue_reactivity",1,"inactive",2
"174","G327","heroin","female","cue_reactivity",1,"infusion",8
"175","G327","heroin","female","cue_reactivity",30,"active",148
"176","G327","heroin","female","cue_reactivity",30,"inactive",26
"177","G327","heroin","female","cue_reactivity",30,"infusion",10
"178","G327","heroin","female","ivsa",1,"active",49
"179","G327","heroin","female","ivsa",1,"inactive",12
"180","G327","heroin","female","ivsa",1,"infusion",27
"181","G327","heroin","female","ivsa",2,"active",63
"182","G327","heroin","female","ivsa",2,"inactive",1
"183","G327","heroin","female","ivsa",2,"infusion",44
"184","G327","heroin","female","ivsa",3,"active",85
"185","G327","heroin","female","ivsa",3,"inactive",0
"186","G327","heroin","female","ivsa",3,"infusion",47
"187","G327","heroin","female","ivsa",4,"active",109
"188","G327","heroin","female","ivsa",4,"inactive",3
"189","G327","heroin","female","ivsa",4,"infusion",49
"190","G327","heroin","female","ivsa",5,"active",55
"191","G327","heroin","female","ivsa",5,"inactive",0
"192","G327","heroin","female","ivsa",5,"infusion",41
"193","G327","heroin","female","ivsa",6,"active",66
"194","G327","heroin","female","ivsa",6,"inactive",3
"195","G327","heroin","female","ivsa",6,"infusion",44
"196","G327","heroin","female","ivsa",7,"active",26
"197","G327","heroin","female","ivsa",7,"inactive",0
"198","G327","heroin","female","ivsa",7,"infusion",25
"199","G327","heroin","female","ivsa",8,"active",81
"200","G327","heroin","female","ivsa",8,"inactive",1
"201","G327","heroin","female","ivsa",8,"infusion",51
"202","G327","heroin","female","ivsa",9,"active",41
"203","G327","heroin","female","ivsa",9,"inactive",0
"204","G327","heroin","female","ivsa",9,"infusion",31
"205","G327","heroin","female","ivsa",10,"active",69
"206","G327","heroin","female","ivsa",10,"inactive",4
"207","G327","heroin","female","ivsa",10,"infusion",42
"208","G614","heroin","female","cue_reactivity",1,"active",23
"209","G614","heroin","female","cue_reactivity",1,"inactive",5
"210","G614","heroin","female","cue_reactivity",1,"infusion",9
"211","G614","heroin","female","cue_reactivity",30,"active",123
"212","G614","heroin","female","cue_reactivity",30,"inactive",24
"213","G614","heroin","female","cue_reactivity",30,"infusion",28
"214","G614","heroin","female","ivsa",1,"active",55
"215","G614","heroin","female","ivsa",1,"inactive",34
"216","G614","heroin","female","ivsa",1,"infusion",19
"217","G614","heroin","female","ivsa",2,"active",165
"218","G614","heroin","female","ivsa",2,"inactive",168
"219","G614","heroin","female","ivsa",2,"infusion",42
"220","G614","heroin","female","ivsa",3,"active",152
"221","G614","heroin","female","ivsa",3,"inactive",49
"222","G614","heroin","female","ivsa",3,"infusion",41
"223","G614","heroin","female","ivsa",4,"active",206
"224","G614","heroin","female","ivsa",4,"inactive",10
"225","G614","heroin","female","ivsa",4,"infusion",55
"226","G614","heroin","female","ivsa",5,"active",192
"227","G614","heroin","female","ivsa",5,"inactive",5
"228","G614","heroin","female","ivsa",5,"infusion",57
"229","G614","heroin","female","ivsa",6,"active",160
"230","G614","heroin","female","ivsa",6,"inactive",2
"231","G614","heroin","female","ivsa",6,"infusion",45
"232","G614","heroin","female","ivsa",7,"active",292
"233","G614","heroin","female","ivsa",7,"inactive",206
"234","G614","heroin","female","ivsa",7,"infusion",67
"235","G614","heroin","female","ivsa",8,"active",105
"236","G614","heroin","female","ivsa",8,"inactive",7
"237","G614","heroin","female","ivsa",8,"infusion",42
"238","G614","heroin","female","ivsa",9,"active",129
"239","G614","heroin","female","ivsa",9,"inactive",27
"240","G614","heroin","female","ivsa",9,"infusion",43
"241","G614","heroin","female","ivsa",10,"active",100
"242","G614","heroin","female","ivsa",10,"inactive",20
"243","G614","heroin","female","ivsa",10,"infusion",53
"244","T213","heroin","female","cue_reactivity",1,"active",42
"245","T213","heroin","female","cue_reactivity",1,"inactive",17
"246","T213","heroin","female","cue_reactivity",1,"infusion",13
"247","T213","heroin","female","cue_reactivity",30,"active",110
"248","T213","heroin","female","cue_reactivity",30,"inactive",41
"249","T213","heroin","female","cue_reactivity",30,"infusion",24
"250","T213","heroin","female","ivsa",1,"active",105
"251","T213","heroin","female","ivsa",1,"inactive",67
"252","T213","heroin","female","ivsa",1,"infusion",60
"253","T213","heroin","female","ivsa",2,"active",79
"254","T213","heroin","female","ivsa",2,"inactive",43
"255","T213","heroin","female","ivsa",2,"infusion",41
"256","T213","heroin","female","ivsa",3,"active",126
"257","T213","heroin","female","ivsa",3,"inactive",34
"258","T213","heroin","female","ivsa",3,"infusion",61
"259","T213","heroin","female","ivsa",4,"active",89
"260","T213","heroin","female","ivsa",4,"inactive",72
"261","T213","heroin","female","ivsa",4,"infusion",43
"262","T213","heroin","female","ivsa",5,"active",103
"263","T213","heroin","female","ivsa",5,"inactive",54
"264","T213","heroin","female","ivsa",5,"infusion",54
"265","T213","heroin","female","ivsa",6,"active",235
"266","T213","heroin","female","ivsa",6,"inactive",176
"267","T213","heroin","female","ivsa",6,"infusion",75
"268","T213","heroin","female","ivsa",7,"active",292
"269","T213","heroin","female","ivsa",7,"inactive",67
"270","T213","heroin","female","ivsa",7,"infusion",75
"271","T213","heroin","female","ivsa",8,"active",263
"272","T213","heroin","female","ivsa",8,"inactive",68
"273","T213","heroin","female","ivsa",8,"infusion",75
"274","T213","heroin","female","ivsa",9,"active",180
"275","T213","heroin","female","ivsa",9,"inactive",160
"276","T213","heroin","female","ivsa",9,"infusion",75
"277","T213","heroin","female","ivsa",10,"active",177
"278","T213","heroin","female","ivsa",10,"inactive",150
"279","T213","heroin","female","ivsa",10,"infusion",64
"280","T250","heroin","female","cue_reactivity",1,"active",33
"281","T250","heroin","female","cue_reactivity",1,"inactive",0
"282","T250","heroin","female","cue_reactivity",1,"infusion",6
"283","T250","heroin","female","cue_reactivity",30,"active",50
"284","T250","heroin","female","cue_reactivity",30,"inactive",4
"285","T250","heroin","female","cue_reactivity",30,"infusion",20
"286","T250","heroin","female","ivsa",1,"active",31
"287","T250","heroin","female","ivsa",1,"inactive",8
"288","T250","heroin","female","ivsa",1,"infusion",19
"289","T250","heroin","female","ivsa",2,"active",198
"290","T250","heroin","female","ivsa",2,"inactive",10
"291","T250","heroin","female","ivsa",2,"infusion",57
"292","T250","heroin","female","ivsa",3,"active",308
"293","T250","heroin","female","ivsa",3,"inactive",6
"294","T250","heroin","female","ivsa",3,"infusion",75
"295","T250","heroin","female","ivsa",4,"active",380
"296","T250","heroin","female","ivsa",4,"inactive",14
"297","T250","heroin","female","ivsa",4,"infusion",75
"298","T250","heroin","female","ivsa",5,"active",118
"299","T250","heroin","female","ivsa",5,"inactive",11
"300","T250","heroin","female","ivsa",5,"infusion",26
"301","T250","heroin","female","ivsa",6,"active",71
"302","T250","heroin","female","ivsa",6,"inactive",0
"303","T250","heroin","female","ivsa",6,"infusion",21
"304","T250","heroin","female","ivsa",7,"active",95
"305","T250","heroin","female","ivsa",7,"inactive",3
"306","T250","heroin","female","ivsa",7,"infusion",34
"307","T250","heroin","female","ivsa",8,"active",63
"308","T250","heroin","female","ivsa",8,"inactive",8
"309","T250","heroin","female","ivsa",8,"infusion",36
"310","T250","heroin","female","ivsa",9,"active",72
"311","T250","heroin","female","ivsa",9,"inactive",4
"312","T250","heroin","female","ivsa",9,"infusion",41
"313","T250","heroin","female","ivsa",10,"active",80
"314","T250","heroin","female","ivsa",10,"inactive",9
"315","T250","heroin","female","ivsa",10,"infusion",34
"316","T287","heroin","female","cue_reactivity",1,"active",16
"317","T287","heroin","female","cue_reactivity",1,"inactive",3
"318","T287","heroin","female","cue_reactivity",1,"infusion",7
"319","T287","heroin","female","cue_reactivity",30,"active",64
"320","T287","heroin","female","cue_reactivity",30,"inactive",36
"321","T287","heroin","female","cue_reactivity",30,"infusion",21
"322","T287","heroin","female","ivsa",1,"active",78
"323","T287","heroin","female","ivsa",1,"inactive",27
"324","T287","heroin","female","ivsa",1,"infusion",42
"325","T287","heroin","female","ivsa",2,"active",69
"326","T287","heroin","female","ivsa",2,"inactive",20
"327","T287","heroin","female","ivsa",2,"infusion",32
"328","T287","heroin","female","ivsa",3,"active",45
"329","T287","heroin","female","ivsa",3,"inactive",20
"330","T287","heroin","female","ivsa",3,"infusion",27
"331","T287","heroin","female","ivsa",4,"active",65
"332","T287","heroin","female","ivsa",4,"inactive",17
"333","T287","heroin","female","ivsa",4,"infusion",29
"334","T287","heroin","female","ivsa",5,"active",140
"335","T287","heroin","female","ivsa",5,"inactive",30
"336","T287","heroin","female","ivsa",5,"infusion",52
"337","T287","heroin","female","ivsa",6,"active",211
"338","T287","heroin","female","ivsa",6,"inactive",85
"339","T287","heroin","female","ivsa",6,"infusion",73
"340","T287","heroin","female","ivsa",7,"active",110
"341","T287","heroin","female","ivsa",7,"inactive",32
"342","T287","heroin","female","ivsa",7,"infusion",43
"343","T287","heroin","female","ivsa",8,"active",121
"344","T287","heroin","female","ivsa",8,"inactive",11
"345","T287","heroin","female","ivsa",8,"infusion",59
"346","T287","heroin","female","ivsa",9,"active",123
"347","T287","heroin","female","ivsa",9,"inactive",20
"348","T287","heroin","female","ivsa",9,"infusion",67
"349","T287","heroin","female","ivsa",10,"active",133
"350","T287","heroin","female","ivsa",10,"inactive",38
"351","T287","heroin","female","ivsa",10,"infusion",58
"352","T337","heroin","female","cue_reactivity",1,"active",38
"353","T337","heroin","female","cue_reactivity",1,"inactive",20
"354","T337","heroin","female","cue_reactivity",1,"infusion",14
"355","T337","heroin","female","cue_reactivity",30,"active",45
"356","T337","heroin","female","cue_reactivity",30,"inactive",2
"357","T337","heroin","female","cue_reactivity",30,"infusion",19
"358","T337","heroin","female","ivsa",1,"active",46
"359","T337","heroin","female","ivsa",1,"inactive",5
"360","T337","heroin","female","ivsa",1,"infusion",29
"361","T337","heroin","female","ivsa",2,"active",28
"362","T337","heroin","female","ivsa",2,"inactive",17
"363","T337","heroin","female","ivsa",2,"infusion",22
"364","T337","heroin","female","ivsa",3,"active",46
"365","T337","heroin","female","ivsa",3,"inactive",1
"366","T337","heroin","female","ivsa",3,"infusion",39
"367","T337","heroin","female","ivsa",4,"active",46
"368","T337","heroin","female","ivsa",4,"inactive",0
"369","T337","heroin","female","ivsa",4,"infusion",43
"370","T337","heroin","female","ivsa",5,"active",60
"371","T337","heroin","female","ivsa",5,"inactive",0
"372","T337","heroin","female","ivsa",5,"infusion",52
"373","T337","heroin","female","ivsa",6,"active",80
"374","T337","heroin","female","ivsa",6,"inactive",0
"375","T337","heroin","female","ivsa",6,"infusion",57
"376","T337","heroin","female","ivsa",7,"active",86
"377","T337","heroin","female","ivsa",7,"inactive",3
"378","T337","heroin","female","ivsa",7,"infusion",61
"379","T337","heroin","female","ivsa",8,"active",85
"380","T337","heroin","female","ivsa",8,"inactive",7
"381","T337","heroin","female","ivsa",8,"infusion",58
"382","T337","heroin","female","ivsa",9,"active",100
"383","T337","heroin","female","ivsa",9,"inactive",3
"384","T337","heroin","female","ivsa",9,"infusion",59
"385","T337","heroin","female","ivsa",10,"active",93
"386","T337","heroin","female","ivsa",10,"inactive",2
"387","T337","heroin","female","ivsa",10,"infusion",66
"388","T348","heroin","female","cue_reactivity",1,"active",20
"389","T348","heroin","female","cue_reactivity",1,"inactive",2
"390","T348","heroin","female","cue_reactivity",1,"infusion",11
"391","T348","heroin","female","cue_reactivity",30,"active",68
"392","T348","heroin","female","cue_reactivity",30,"inactive",29
"393","T348","heroin","female","cue_reactivity",30,"infusion",29
"394","T348","heroin","female","ivsa",1,"active",77
"395","T348","heroin","female","ivsa",1,"inactive",36
"396","T348","heroin","female","ivsa",1,"infusion",39
"397","T348","heroin","female","ivsa",2,"active",76
"398","T348","heroin","female","ivsa",2,"inactive",25
"399","T348","heroin","female","ivsa",2,"infusion",45
"400","T348","heroin","female","ivsa",3,"active",54
"401","T348","heroin","female","ivsa",3,"inactive",13
"402","T348","heroin","female","ivsa",3,"infusion",34
"403","T348","heroin","female","ivsa",4,"active",64
"404","T348","heroin","female","ivsa",4,"inactive",3
"405","T348","heroin","female","ivsa",4,"infusion",37
"406","T348","heroin","female","ivsa",5,"active",90
"407","T348","heroin","female","ivsa",5,"inactive",19
"408","T348","heroin","female","ivsa",5,"infusion",43
"409","T348","heroin","female","ivsa",6,"active",80
"410","T348","heroin","female","ivsa",6,"inactive",6
"411","T348","heroin","female","ivsa",6,"infusion",32
"412","T348","heroin","female","ivsa",7,"active",82
"413","T348","heroin","female","ivsa",7,"inactive",13
"414","T348","heroin","female","ivsa",7,"infusion",27
"415","T348","heroin","female","ivsa",8,"active",66
"416","T348","heroin","female","ivsa",8,"inactive",10
"417","T348","heroin","female","ivsa",8,"infusion",35
"418","T348","heroin","female","ivsa",9,"active",54
"419","T348","heroin","female","ivsa",9,"inactive",15
"420","T348","heroin","female","ivsa",9,"infusion",37
"421","T348","heroin","female","ivsa",10,"active",203
"422","T348","heroin","female","ivsa",10,"inactive",28
"423","T348","heroin","female","ivsa",10,"infusion",74
"424","448","heroin","male","cue_reactivity",1,"active",12
"425","448","heroin","male","cue_reactivity",1,"inactive",4
"426","448","heroin","male","cue_reactivity",1,"infusion",6
"427","448","heroin","male","ivsa",1,"active",71
"428","448","heroin","male","ivsa",1,"inactive",42
"429","448","heroin","male","ivsa",1,"infusion",45
"430","448","heroin","male","ivsa",2,"active",58
"431","448","heroin","male","ivsa",2,"inactive",15
"432","448","heroin","male","ivsa",2,"infusion",28
"433","448","heroin","male","ivsa",3,"active",43
"434","448","heroin","male","ivsa",3,"inactive",14
"435","448","heroin","male","ivsa",3,"infusion",24
"436","448","heroin","male","ivsa",4,"active",42
"437","448","heroin","male","ivsa",4,"inactive",13
"438","448","heroin","male","ivsa",4,"infusion",27
"439","448","heroin","male","ivsa",5,"active",56
"440","448","heroin","male","ivsa",5,"inactive",17
"441","448","heroin","male","ivsa",5,"infusion",32
"442","448","heroin","male","ivsa",6,"active",36
"443","448","heroin","male","ivsa",6,"inactive",13
"444","448","heroin","male","ivsa",6,"infusion",24
"445","448","heroin","male","ivsa",7,"active",39
"446","448","heroin","male","ivsa",7,"inactive",7
"447","448","heroin","male","ivsa",7,"infusion",26
"448","448","heroin","male","ivsa",8,"active",35
"449","448","heroin","male","ivsa",8,"inactive",14
"450","448","heroin","male","ivsa",8,"infusion",22
"451","448","heroin","male","ivsa",9,"active",43
"452","448","heroin","male","ivsa",9,"inactive",25
"453","448","heroin","male","ivsa",9,"infusion",27
"454","448","heroin","male","ivsa",10,"active",29
"455","448","heroin","male","ivsa",10,"inactive",13
"456","448","heroin","male","ivsa",10,"infusion",23
"457","450","heroin","male","cue_reactivity",1,"active",9
"458","450","heroin","male","cue_reactivity",1,"inactive",2
"459","450","heroin","male","cue_reactivity",1,"infusion",7
"460","450","heroin","male","ivsa",1,"active",49
"461","450","heroin","male","ivsa",1,"inactive",27
"462","450","heroin","male","ivsa",1,"infusion",27
"463","450","heroin","male","ivsa",2,"active",127
"464","450","heroin","male","ivsa",2,"inactive",23
"465","450","heroin","male","ivsa",2,"infusion",46
"466","450","heroin","male","ivsa",3,"active",80
"467","450","heroin","male","ivsa",3,"inactive",59
"468","450","heroin","male","ivsa",3,"infusion",29
"469","450","heroin","male","ivsa",4,"active",66
"470","450","heroin","male","ivsa",4,"inactive",25
"471","450","heroin","male","ivsa",4,"infusion",25
"472","450","heroin","male","ivsa",5,"active",61
"473","450","heroin","male","ivsa",5,"inactive",18
"474","450","heroin","male","ivsa",5,"infusion",39
"475","450","heroin","male","ivsa",6,"active",61
"476","450","heroin","male","ivsa",6,"inactive",33
"477","450","heroin","male","ivsa",6,"infusion",34
"478","450","heroin","male","ivsa",7,"active",70
"479","450","heroin","male","ivsa",7,"inactive",19
"480","450","heroin","male","ivsa",7,"infusion",33
"481","450","heroin","male","ivsa",8,"active",63
"482","450","heroin","male","ivsa",8,"inactive",87
"483","450","heroin","male","ivsa",8,"infusion",30
"484","450","heroin","male","ivsa",9,"active",81
"485","450","heroin","male","ivsa",9,"inactive",26
"486","450","heroin","male","ivsa",9,"infusion",36
"487","450","heroin","male","ivsa",10,"active",60
"488","450","heroin","male","ivsa",10,"inactive",16
"489","450","heroin","male","ivsa",10,"infusion",40
"490","451","heroin","male","cue_reactivity",1,"active",13
"491","451","heroin","male","cue_reactivity",1,"inactive",18
"492","451","heroin","male","cue_reactivity",1,"infusion",7
"493","451","heroin","male","ivsa",1,"active",64
"494","451","heroin","male","ivsa",1,"inactive",72
"495","451","heroin","male","ivsa",1,"infusion",24
"496","451","heroin","male","ivsa",2,"active",83
"497","451","heroin","male","ivsa",2,"inactive",32
"498","451","heroin","male","ivsa",2,"infusion",36
"499","451","heroin","male","ivsa",3,"active",142
"500","451","heroin","male","ivsa",3,"inactive",6
"501","451","heroin","male","ivsa",3,"infusion",40
"502","451","heroin","male","ivsa",4,"active",90
"503","451","heroin","male","ivsa",4,"inactive",21
"504","451","heroin","male","ivsa",4,"infusion",36
"505","451","heroin","male","ivsa",5,"active",189
"506","451","heroin","male","ivsa",5,"inactive",10
"507","451","heroin","male","ivsa",5,"infusion",63
"508","451","heroin","male","ivsa",6,"active",82
"509","451","heroin","male","ivsa",6,"inactive",78
"510","451","heroin","male","ivsa",6,"infusion",39
"511","451","heroin","male","ivsa",7,"active",85
"512","451","heroin","male","ivsa",7,"inactive",68
"513","451","heroin","male","ivsa",7,"infusion",36
"514","451","heroin","male","ivsa",8,"active",88
"515","451","heroin","male","ivsa",8,"inactive",78
"516","451","heroin","male","ivsa",8,"infusion",38
"517","451","heroin","male","ivsa",9,"active",84
"518","451","heroin","male","ivsa",9,"inactive",68
"519","451","heroin","male","ivsa",9,"infusion",29
"520","451","heroin","male","ivsa",10,"active",51
"521","451","heroin","male","ivsa",10,"inactive",48
"522","451","heroin","male","ivsa",10,"infusion",30
"523","452","heroin","male","cue_reactivity",1,"active",22
"524","452","heroin","male","cue_reactivity",1,"inactive",0
"525","452","heroin","male","cue_reactivity",1,"infusion",10
"526","452","heroin","male","ivsa",1,"active",84
"527","452","heroin","male","ivsa",1,"inactive",36
"528","452","heroin","male","ivsa",1,"infusion",34
"529","452","heroin","male","ivsa",2,"active",37
"530","452","heroin","male","ivsa",2,"inactive",3
"531","452","heroin","male","ivsa",2,"infusion",19
"532","452","heroin","male","ivsa",3,"active",27
"533","452","heroin","male","ivsa",3,"inactive",12
"534","452","heroin","male","ivsa",3,"infusion",23
"535","452","heroin","male","ivsa",4,"active",37
"536","452","heroin","male","ivsa",4,"inactive",18
"537","452","heroin","male","ivsa",4,"infusion",24
"538","452","heroin","male","ivsa",5,"active",57
"539","452","heroin","male","ivsa",5,"inactive",26
"540","452","heroin","male","ivsa",5,"infusion",37
"541","452","heroin","male","ivsa",6,"active",67
"542","452","heroin","male","ivsa",6,"inactive",7
"543","452","heroin","male","ivsa",6,"infusion",40
"544","452","heroin","male","ivsa",7,"active",66
"545","452","heroin","male","ivsa",7,"inactive",11
"546","452","heroin","male","ivsa",7,"infusion",42
"547","452","heroin","male","ivsa",8,"active",54
"548","452","heroin","male","ivsa",8,"inactive",9
"549","452","heroin","male","ivsa",8,"infusion",36
"550","452","heroin","male","ivsa",9,"active",92
"551","452","heroin","male","ivsa",9,"inactive",1
"552","452","heroin","male","ivsa",9,"infusion",39
"553","452","heroin","male","ivsa",10,"active",51
"554","452","heroin","male","ivsa",10,"inactive",2
"555","452","heroin","male","ivsa",10,"infusion",33
"556","453","heroin","male","cue_reactivity",1,"active",28
"557","453","heroin","male","cue_reactivity",1,"inactive",5
"558","453","heroin","male","cue_reactivity",1,"infusion",13
"559","453","heroin","male","ivsa",1,"active",28
"560","453","heroin","male","ivsa",1,"inactive",5
"561","453","heroin","male","ivsa",1,"infusion",18
"562","453","heroin","male","ivsa",2,"active",31
"563","453","heroin","male","ivsa",2,"inactive",7
"564","453","heroin","male","ivsa",2,"infusion",17
"565","453","heroin","male","ivsa",3,"active",39
"566","453","heroin","male","ivsa",3,"inactive",3
"567","453","heroin","male","ivsa",3,"infusion",22
"568","453","heroin","male","ivsa",4,"active",71
"569","453","heroin","male","ivsa",4,"inactive",4
"570","453","heroin","male","ivsa",4,"infusion",29
"571","453","heroin","male","ivsa",5,"active",162
"572","453","heroin","male","ivsa",5,"inactive",3
"573","453","heroin","male","ivsa",5,"infusion",47
"574","453","heroin","male","ivsa",6,"active",403
"575","453","heroin","male","ivsa",6,"inactive",1
"576","453","heroin","male","ivsa",6,"infusion",71
"577","453","heroin","male","ivsa",7,"active",230
"578","453","heroin","male","ivsa",7,"inactive",310
"579","453","heroin","male","ivsa",7,"infusion",72
"580","453","heroin","male","ivsa",8,"active",148
"581","453","heroin","male","ivsa",8,"inactive",176
"582","453","heroin","male","ivsa",8,"infusion",47
"583","453","heroin","male","ivsa",9,"active",216
"584","453","heroin","male","ivsa",9,"inactive",232
"585","453","heroin","male","ivsa",9,"infusion",62
"586","453","heroin","male","ivsa",10,"active",244
"587","453","heroin","male","ivsa",10,"inactive",78
"588","453","heroin","male","ivsa",10,"infusion",65
"589","B25","heroin","male","cue_reactivity",1,"active",29
"590","B25","heroin","male","cue_reactivity",1,"inactive",9
"591","B25","heroin","male","cue_reactivity",1,"infusion",16
"592","B25","heroin","male","ivsa",1,"active",5
"593","B25","heroin","male","ivsa",1,"inactive",7
"594","B25","heroin","male","ivsa",1,"infusion",5
"595","B25","heroin","male","ivsa",2,"active",6
"596","B25","heroin","male","ivsa",2,"inactive",11
"597","B25","heroin","male","ivsa",2,"infusion",6
"598","B25","heroin","male","ivsa",3,"active",6
"599","B25","heroin","male","ivsa",3,"inactive",12
"600","B25","heroin","male","ivsa",3,"infusion",6
"601","B25","heroin","male","ivsa",4,"active",23
"602","B25","heroin","male","ivsa",4,"inactive",18
"603","B25","heroin","male","ivsa",4,"infusion",15
"604","B25","heroin","male","ivsa",5,"active",27
"605","B25","heroin","male","ivsa",5,"inactive",35
"606","B25","heroin","male","ivsa",5,"infusion",23
"607","B25","heroin","male","ivsa",6,"active",53
"608","B25","heroin","male","ivsa",6,"inactive",19
"609","B25","heroin","male","ivsa",6,"infusion",32
"610","B25","heroin","male","ivsa",7,"active",58
"611","B25","heroin","male","ivsa",7,"inactive",25
"612","B25","heroin","male","ivsa",7,"infusion",33
"613","B25","heroin","male","ivsa",8,"active",106
"614","B25","heroin","male","ivsa",8,"inactive",23
"615","B25","heroin","male","ivsa",8,"infusion",61
"616","B25","heroin","male","ivsa",9,"active",75
"617","B25","heroin","male","ivsa",9,"inactive",18
"618","B25","heroin","male","ivsa",9,"infusion",43
"619","B25","heroin","male","ivsa",10,"active",89
"620","B25","heroin","male","ivsa",10,"inactive",5
"621","B25","heroin","male","ivsa",10,"infusion",52
"622","B26","heroin","male","cue_reactivity",1,"active",22
"623","B26","heroin","male","cue_reactivity",1,"inactive",12
"624","B26","heroin","male","cue_reactivity",1,"infusion",8
"625","B26","heroin","male","ivsa",1,"active",39
"626","B26","heroin","male","ivsa",1,"inactive",12
"627","B26","heroin","male","ivsa",1,"infusion",19
"628","B26","heroin","male","ivsa",2,"active",74
"629","B26","heroin","male","ivsa",2,"inactive",15
"630","B26","heroin","male","ivsa",2,"infusion",35
"631","B26","heroin","male","ivsa",3,"active",104
"632","B26","heroin","male","ivsa",3,"inactive",11
"633","B26","heroin","male","ivsa",3,"infusion",31
"634","B26","heroin","male","ivsa",4,"active",77
"635","B26","heroin","male","ivsa",4,"inactive",2
"636","B26","heroin","male","ivsa",4,"infusion",30
"637","B26","heroin","male","ivsa",5,"active",126
"638","B26","heroin","male","ivsa",5,"inactive",7
"639","B26","heroin","male","ivsa",5,"infusion",49
"640","B26","heroin","male","ivsa",6,"active",91
"641","B26","heroin","male","ivsa",6,"inactive",20
"642","B26","heroin","male","ivsa",6,"infusion",55
"643","B26","heroin","male","ivsa",7,"active",160
"644","B26","heroin","male","ivsa",7,"inactive",5
"645","B26","heroin","male","ivsa",7,"infusion",64
"646","B26","heroin","male","ivsa",8,"active",101
"647","B26","heroin","male","ivsa",8,"inactive",10
"648","B26","heroin","male","ivsa",8,"infusion",52
"649","B26","heroin","male","ivsa",9,"active",93
"650","B26","heroin","male","ivsa",9,"inactive",16
"651","B26","heroin","male","ivsa",9,"infusion",59
"652","B26","heroin","male","ivsa",10,"active",155
"653","B26","heroin","male","ivsa",10,"inactive",41
"654","B26","heroin","male","ivsa",10,"infusion",66
"655","B437","heroin","male","cue_reactivity",30,"active",68
"656","B437","heroin","male","cue_reactivity",30,"inactive",12
"657","B437","heroin","male","cue_reactivity",30,"infusion",16
"658","B437","heroin","male","ivsa",1,"active",25
"659","B437","heroin","male","ivsa",1,"inactive",11
"660","B437","heroin","male","ivsa",1,"infusion",14
"661","B437","heroin","male","ivsa",2,"active",30
"662","B437","heroin","male","ivsa",2,"inactive",7
"663","B437","heroin","male","ivsa",2,"infusion",11
"664","B437","heroin","male","ivsa",3,"active",101
"665","B437","heroin","male","ivsa",3,"inactive",64
"666","B437","heroin","male","ivsa",3,"infusion",28
"667","B437","heroin","male","ivsa",4,"active",124
"668","B437","heroin","male","ivsa",4,"inactive",55
"669","B437","heroin","male","ivsa",4,"infusion",35
"670","B437","heroin","male","ivsa",5,"active",165
"671","B437","heroin","male","ivsa",5,"inactive",44
"672","B437","heroin","male","ivsa",5,"infusion",45
"673","B437","heroin","male","ivsa",6,"active",156
"674","B437","heroin","male","ivsa",6,"inactive",12
"675","B437","heroin","male","ivsa",6,"infusion",40
"676","B437","heroin","male","ivsa",7,"active",144
"677","B437","heroin","male","ivsa",7,"inactive",67
"678","B437","heroin","male","ivsa",7,"infusion",31
"679","B437","heroin","male","ivsa",8,"active",255
"680","B437","heroin","male","ivsa",8,"inactive",116
"681","B437","heroin","male","ivsa",8,"infusion",42
"682","B437","heroin","male","ivsa",9,"active",200
"683","B437","heroin","male","ivsa",9,"inactive",45
"684","B437","heroin","male","ivsa",9,"infusion",44
"685","B437","heroin","male","ivsa",10,"active",217
"686","B437","heroin","male","ivsa",10,"inactive",54
"687","B437","heroin","male","ivsa",10,"infusion",51
"688","B454","heroin","male","cue_reactivity",30,"active",39
"689","B454","heroin","male","cue_reactivity",30,"inactive",11
"690","B454","heroin","male","cue_reactivity",30,"infusion",13
"691","B454","heroin","male","ivsa",1,"active",31
"692","B454","heroin","male","ivsa",1,"inactive",1197
"693","B454","heroin","male","ivsa",1,"infusion",18
"694","B454","heroin","male","ivsa",2,"active",28
"695","B454","heroin","male","ivsa",2,"inactive",10
"696","B454","heroin","male","ivsa",2,"infusion",13
"697","B454","heroin","male","ivsa",3,"active",54
"698","B454","heroin","male","ivsa",3,"inactive",8
"699","B454","heroin","male","ivsa",3,"infusion",23
"700","B454","heroin","male","ivsa",4,"active",45
"701","B454","heroin","male","ivsa",4,"inactive",289
"702","B454","heroin","male","ivsa",4,"infusion",22
"703","B454","heroin","male","ivsa",5,"active",44
"704","B454","heroin","male","ivsa",5,"inactive",17
"705","B454","heroin","male","ivsa",5,"infusion",28
"706","B454","heroin","male","ivsa",6,"active",40
"707","B454","heroin","male","ivsa",6,"inactive",7
"708","B454","heroin","male","ivsa",6,"infusion",19
"709","B454","heroin","male","ivsa",7,"active",31
"710","B454","heroin","male","ivsa",7,"inactive",4
"711","B454","heroin","male","ivsa",7,"infusion",17
"712","B454","heroin","male","ivsa",8,"active",24
"713","B454","heroin","male","ivsa",8,"inactive",3
"714","B454","heroin","male","ivsa",8,"infusion",19
"715","B454","heroin","male","ivsa",9,"active",34
"716","B454","heroin","male","ivsa",9,"inactive",4
"717","B454","heroin","male","ivsa",9,"infusion",26
"718","B454","heroin","male","ivsa",10,"active",47
"719","B454","heroin","male","ivsa",10,"inactive",6
"720","B454","heroin","male","ivsa",10,"infusion",29
"721","G150","heroin","male","cue_reactivity",1,"active",18
"722","G150","heroin","male","cue_reactivity",1,"inactive",0
"723","G150","heroin","male","cue_reactivity",1,"infusion",11
"724","G150","heroin","male","ivsa",1,"active",7
"725","G150","heroin","male","ivsa",1,"inactive",7
"726","G150","heroin","male","ivsa",1,"infusion",5
"727","G150","heroin","male","ivsa",2,"active",7
"728","G150","heroin","male","ivsa",2,"inactive",5
"729","G150","heroin","male","ivsa",2,"infusion",5
"730","G150","heroin","male","ivsa",3,"active",15
"731","G150","heroin","male","ivsa",3,"inactive",7
"732","G150","heroin","male","ivsa",3,"infusion",10
"733","G150","heroin","male","ivsa",4,"active",37
"734","G150","heroin","male","ivsa",4,"inactive",9
"735","G150","heroin","male","ivsa",4,"infusion",21
"736","G150","heroin","male","ivsa",5,"active",21
"737","G150","heroin","male","ivsa",5,"inactive",5
"738","G150","heroin","male","ivsa",5,"infusion",13
"739","G150","heroin","male","ivsa",6,"active",35
"740","G150","heroin","male","ivsa",6,"inactive",3
"741","G150","heroin","male","ivsa",6,"infusion",25
"742","G150","heroin","male","ivsa",7,"active",34
"743","G150","heroin","male","ivsa",7,"inactive",6
"744","G150","heroin","male","ivsa",7,"infusion",21
"745","G150","heroin","male","ivsa",8,"active",104
"746","G150","heroin","male","ivsa",8,"inactive",5
"747","G150","heroin","male","ivsa",8,"infusion",31
"748","G150","heroin","male","ivsa",9,"active",83
"749","G150","heroin","male","ivsa",9,"inactive",14
"750","G150","heroin","male","ivsa",9,"infusion",36
"751","G150","heroin","male","ivsa",10,"active",169
"752","G150","heroin","male","ivsa",10,"inactive",3
"753","G150","heroin","male","ivsa",10,"infusion",40
"754","G155","heroin","male","cue_reactivity",30,"active",59
"755","G155","heroin","male","cue_reactivity",30,"inactive",4
"756","G155","heroin","male","cue_reactivity",30,"infusion",10
"757","G155","heroin","male","ivsa",1,"active",84
"758","G155","heroin","male","ivsa",1,"inactive",84
"759","G155","heroin","male","ivsa",1,"infusion",29
"760","G155","heroin","male","ivsa",2,"active",0
"761","G155","heroin","male","ivsa",2,"inactive",2
"762","G155","heroin","male","ivsa",2,"infusion",0
"763","G155","heroin","male","ivsa",3,"active",130
"764","G155","heroin","male","ivsa",3,"inactive",186
"765","G155","heroin","male","ivsa",3,"infusion",45
"766","G155","heroin","male","ivsa",4,"active",107
"767","G155","heroin","male","ivsa",4,"inactive",8
"768","G155","heroin","male","ivsa",4,"infusion",32
"769","G155","heroin","male","ivsa",5,"active",240
"770","G155","heroin","male","ivsa",5,"inactive",50
"771","G155","heroin","male","ivsa",5,"infusion",49
"772","G155","heroin","male","ivsa",6,"active",264
"773","G155","heroin","male","ivsa",6,"inactive",2
"774","G155","heroin","male","ivsa",6,"infusion",75
"775","G155","heroin","male","ivsa",7,"active",532
"776","G155","heroin","male","ivsa",7,"inactive",0
"777","G155","heroin","male","ivsa",7,"infusion",75
"778","G155","heroin","male","ivsa",8,"active",659
"779","G155","heroin","male","ivsa",8,"inactive",0
"780","G155","heroin","male","ivsa",8,"infusion",75
"781","G155","heroin","male","ivsa",9,"active",339
"782","G155","heroin","male","ivsa",9,"inactive",55
"783","G155","heroin","male","ivsa",9,"infusion",75
"784","G155","heroin","male","ivsa",10,"active",339
"785","G155","heroin","male","ivsa",10,"inactive",49
"786","G155","heroin","male","ivsa",10,"infusion",75
"787","G172","heroin","male","cue_reactivity",1,"active",5
"788","G172","heroin","male","cue_reactivity",1,"inactive",0
"789","G172","heroin","male","cue_reactivity",1,"infusion",3
"790","G172","heroin","male","ivsa",1,"active",15
"791","G172","heroin","male","ivsa",1,"inactive",19
"792","G172","heroin","male","ivsa",1,"infusion",4
"793","G172","heroin","male","ivsa",2,"active",3
"794","G172","heroin","male","ivsa",2,"inactive",9
"795","G172","heroin","male","ivsa",2,"infusion",2
"796","G172","heroin","male","ivsa",3,"active",0
"797","G172","heroin","male","ivsa",3,"inactive",0
"798","G172","heroin","male","ivsa",3,"infusion",0
"799","G172","heroin","male","ivsa",4,"active",0
"800","G172","heroin","male","ivsa",4,"inactive",0
"801","G172","heroin","male","ivsa",4,"infusion",0
"802","G172","heroin","male","ivsa",5,"active",58
"803","G172","heroin","male","ivsa",5,"inactive",11
"804","G172","heroin","male","ivsa",5,"infusion",20
"805","G172","heroin","male","ivsa",6,"active",39
"806","G172","heroin","male","ivsa",6,"inactive",0
"807","G172","heroin","male","ivsa",6,"infusion",10
"808","G172","heroin","male","ivsa",7,"active",61
"809","G172","heroin","male","ivsa",7,"inactive",0
"810","G172","heroin","male","ivsa",7,"infusion",36
"811","G172","heroin","male","ivsa",8,"active",68
"812","G172","heroin","male","ivsa",8,"inactive",0
"813","G172","heroin","male","ivsa",8,"infusion",49
"814","G172","heroin","male","ivsa",9,"active",58
"815","G172","heroin","male","ivsa",9,"inactive",0
"816","G172","heroin","male","ivsa",9,"infusion",27
"817","G172","heroin","male","ivsa",10,"active",116
"818","G172","heroin","male","ivsa",10,"inactive",6
"819","G172","heroin","male","ivsa",10,"infusion",62
"820","G173","heroin","male","cue_reactivity",1,"active",8
"821","G173","heroin","male","cue_reactivity",1,"inactive",5
"822","G173","heroin","male","cue_reactivity",1,"infusion",6
"823","G173","heroin","male","ivsa",1,"active",22
"824","G173","heroin","male","ivsa",1,"inactive",9
"825","G173","heroin","male","ivsa",1,"infusion",16
"826","G173","heroin","male","ivsa",2,"active",28
"827","G173","heroin","male","ivsa",2,"inactive",1
"828","G173","heroin","male","ivsa",2,"infusion",17
"829","G173","heroin","male","ivsa",3,"active",134
"830","G173","heroin","male","ivsa",3,"inactive",61
"831","G173","heroin","male","ivsa",3,"infusion",58
"832","G173","heroin","male","ivsa",4,"active",7
"833","G173","heroin","male","ivsa",4,"inactive",62
"834","G173","heroin","male","ivsa",4,"infusion",7
"835","G173","heroin","male","ivsa",5,"active",14
"836","G173","heroin","male","ivsa",5,"inactive",224
"837","G173","heroin","male","ivsa",5,"infusion",10
"838","G173","heroin","male","ivsa",6,"active",4
"839","G173","heroin","male","ivsa",6,"inactive",104
"840","G173","heroin","male","ivsa",6,"infusion",4
"841","G173","heroin","male","ivsa",7,"active",11
"842","G173","heroin","male","ivsa",7,"inactive",139
"843","G173","heroin","male","ivsa",7,"infusion",10
"844","G173","heroin","male","ivsa",8,"active",36
"845","G173","heroin","male","ivsa",8,"inactive",127
"846","G173","heroin","male","ivsa",8,"infusion",27
"847","G173","heroin","male","ivsa",9,"active",46
"848","G173","heroin","male","ivsa",9,"inactive",24
"849","G173","heroin","male","ivsa",9,"infusion",75
"850","G173","heroin","male","ivsa",10,"active",9
"851","G173","heroin","male","ivsa",10,"inactive",9
"852","G173","heroin","male","ivsa",10,"infusion",5
"853","G182","heroin","male","cue_reactivity",30,"active",86
"854","G182","heroin","male","cue_reactivity",30,"inactive",11
"855","G182","heroin","male","cue_reactivity",30,"infusion",27
"856","G182","heroin","male","ivsa",1,"active",12
"857","G182","heroin","male","ivsa",1,"inactive",62
"858","G182","heroin","male","ivsa",1,"infusion",10
"859","G182","heroin","male","ivsa",2,"active",40
"860","G182","heroin","male","ivsa",2,"inactive",7
"861","G182","heroin","male","ivsa",2,"infusion",19
"862","G182","heroin","male","ivsa",3,"active",54
"863","G182","heroin","male","ivsa",3,"inactive",0
"864","G182","heroin","male","ivsa",3,"infusion",29
"865","G182","heroin","male","ivsa",4,"active",57
"866","G182","heroin","male","ivsa",4,"inactive",0
"867","G182","heroin","male","ivsa",4,"infusion",30
"868","G182","heroin","male","ivsa",5,"active",67
"869","G182","heroin","male","ivsa",5,"inactive",11
"870","G182","heroin","male","ivsa",5,"infusion",33
"871","G182","heroin","male","ivsa",6,"active",189
"872","G182","heroin","male","ivsa",6,"inactive",3
"873","G182","heroin","male","ivsa",6,"infusion",56
"874","G182","heroin","male","ivsa",7,"active",117
"875","G182","heroin","male","ivsa",7,"inactive",8
"876","G182","heroin","male","ivsa",7,"infusion",45
"877","G182","heroin","male","ivsa",8,"active",185
"878","G182","heroin","male","ivsa",8,"inactive",179
"879","G182","heroin","male","ivsa",8,"infusion",66
"880","G182","heroin","male","ivsa",9,"active",253
"881","G182","heroin","male","ivsa",9,"inactive",22
"882","G182","heroin","male","ivsa",9,"infusion",75
"883","G182","heroin","male","ivsa",10,"active",229
"884","G182","heroin","male","ivsa",10,"inactive",8
"885","G182","heroin","male","ivsa",10,"infusion",75
"886","G392","heroin","male","cue_reactivity",1,"active",7
"887","G392","heroin","male","cue_reactivity",1,"inactive",14
"888","G392","heroin","male","cue_reactivity",1,"infusion",5
"889","G392","heroin","male","ivsa",1,"active",69
"890","G392","heroin","male","ivsa",1,"inactive",39
"891","G392","heroin","male","ivsa",1,"infusion",37
"892","G392","heroin","male","ivsa",2,"active",47
"893","G392","heroin","male","ivsa",2,"inactive",30
"894","G392","heroin","male","ivsa",2,"infusion",19
"895","G392","heroin","male","ivsa",3,"active",69
"896","G392","heroin","male","ivsa",3,"inactive",17
"897","G392","heroin","male","ivsa",3,"infusion",22
"898","G392","heroin","male","ivsa",4,"active",36
"899","G392","heroin","male","ivsa",4,"inactive",35
"900","G392","heroin","male","ivsa",4,"infusion",25
"901","G392","heroin","male","ivsa",5,"active",28
"902","G392","heroin","male","ivsa",5,"inactive",33
"903","G392","heroin","male","ivsa",5,"infusion",15
"904","G392","heroin","male","ivsa",6,"active",43
"905","G392","heroin","male","ivsa",6,"inactive",25
"906","G392","heroin","male","ivsa",6,"infusion",26
"907","G392","heroin","male","ivsa",7,"active",51
"908","G392","heroin","male","ivsa",7,"inactive",65
"909","G392","heroin","male","ivsa",7,"infusion",26
"910","G392","heroin","male","ivsa",8,"active",49
"911","G392","heroin","male","ivsa",8,"inactive",24
"912","G392","heroin","male","ivsa",8,"infusion",29
"913","G392","heroin","male","ivsa",9,"active",50
"914","G392","heroin","male","ivsa",9,"inactive",26
"915","G392","heroin","male","ivsa",9,"infusion",26
"916","G392","heroin","male","ivsa",10,"active",40
"917","G392","heroin","male","ivsa",10,"inactive",9
"918","G392","heroin","male","ivsa",10,"infusion",17
"919","T217","heroin","male","cue_reactivity",1,"active",11
"920","T217","heroin","male","cue_reactivity",1,"inactive",7
"921","T217","heroin","male","cue_reactivity",1,"infusion",6
"922","T217","heroin","male","cue_reactivity",30,"active",48
"923","T217","heroin","male","cue_reactivity",30,"inactive",32
"924","T217","heroin","male","cue_reactivity",30,"infusion",20
"925","T217","heroin","male","ivsa",1,"active",43
"926","T217","heroin","male","ivsa",1,"inactive",30
"927","T217","heroin","male","ivsa",1,"infusion",19
"928","T217","heroin","male","ivsa",2,"active",87
"929","T217","heroin","male","ivsa",2,"inactive",6
"930","T217","heroin","male","ivsa",2,"infusion",36
"931","T217","heroin","male","ivsa",3,"active",76
"932","T217","heroin","male","ivsa",3,"inactive",10
"933","T217","heroin","male","ivsa",3,"infusion",34
"934","T217","heroin","male","ivsa",4,"active",58
"935","T217","heroin","male","ivsa",4,"inactive",9
"936","T217","heroin","male","ivsa",4,"infusion",29
"937","T217","heroin","male","ivsa",5,"active",58
"938","T217","heroin","male","ivsa",5,"inactive",12
"939","T217","heroin","male","ivsa",5,"infusion",28
"940","T217","heroin","male","ivsa",6,"active",54
"941","T217","heroin","male","ivsa",6,"inactive",14
"942","T217","heroin","male","ivsa",6,"infusion",27
"943","T217","heroin","male","ivsa",7,"active",98
"944","T217","heroin","male","ivsa",7,"inactive",42
"945","T217","heroin","male","ivsa",7,"infusion",30
"946","T217","heroin","male","ivsa",8,"active",64
"947","T217","heroin","male","ivsa",8,"inactive",76
"948","T217","heroin","male","ivsa",8,"infusion",26
"949","T217","heroin","male","ivsa",9,"active",32
"950","T217","heroin","male","ivsa",9,"inactive",63
"951","T217","heroin","male","ivsa",9,"infusion",14
"952","T217","heroin","male","ivsa",10,"active",22
"953","T217","heroin","male","ivsa",10,"inactive",19
"954","T217","heroin","male","ivsa",10,"infusion",11
"955","T218","heroin","male","cue_reactivity",1,"active",49
"956","T218","heroin","male","cue_reactivity",1,"inactive",33
"957","T218","heroin","male","cue_reactivity",1,"infusion",19
"958","T218","heroin","male","cue_reactivity",30,"active",95
"959","T218","heroin","male","cue_reactivity",30,"inactive",14
"960","T218","heroin","male","cue_reactivity",30,"infusion",37
"961","T218","heroin","male","ivsa",1,"active",22
"962","T218","heroin","male","ivsa",1,"inactive",8
"963","T218","heroin","male","ivsa",1,"infusion",16
"964","T218","heroin","male","ivsa",2,"active",48
"965","T218","heroin","male","ivsa",2,"inactive",1
"966","T218","heroin","male","ivsa",2,"infusion",25
"967","T218","heroin","male","ivsa",3,"active",67
"968","T218","heroin","male","ivsa",3,"inactive",1
"969","T218","heroin","male","ivsa",3,"infusion",34
"970","T218","heroin","male","ivsa",4,"active",139
"971","T218","heroin","male","ivsa",4,"inactive",3
"972","T218","heroin","male","ivsa",4,"infusion",52
"973","T218","heroin","male","ivsa",5,"active",162
"974","T218","heroin","male","ivsa",5,"inactive",2
"975","T218","heroin","male","ivsa",5,"infusion",52
"976","T218","heroin","male","ivsa",6,"active",196
"977","T218","heroin","male","ivsa",6,"inactive",2
"978","T218","heroin","male","ivsa",6,"infusion",75
"979","T218","heroin","male","ivsa",7,"active",241
"980","T218","heroin","male","ivsa",7,"inactive",3
"981","T218","heroin","male","ivsa",7,"infusion",75
"982","T218","heroin","male","ivsa",8,"active",189
"983","T218","heroin","male","ivsa",8,"inactive",12
"984","T218","heroin","male","ivsa",8,"infusion",75
"985","T218","heroin","male","ivsa",9,"active",146
"986","T218","heroin","male","ivsa",9,"inactive",6
"987","T218","heroin","male","ivsa",9,"infusion",65
"988","T218","heroin","male","ivsa",10,"active",158
"989","T218","heroin","male","ivsa",10,"inactive",18
"990","T218","heroin","male","ivsa",10,"infusion",61
"991","T234","heroin","male","cue_reactivity",1,"active",22
"992","T234","heroin","male","cue_reactivity",1,"inactive",4
"993","T234","heroin","male","cue_reactivity",1,"infusion",11
"994","T234","heroin","male","cue_reactivity",30,"active",72
"995","T234","heroin","male","cue_reactivity",30,"inactive",34
"996","T234","heroin","male","cue_reactivity",30,"infusion",31
"997","T234","heroin","male","ivsa",1,"active",23
"998","T234","heroin","male","ivsa",1,"inactive",10
"999","T234","heroin","male","ivsa",1,"infusion",22
"1000","T234","heroin","male","ivsa",2,"active",23
"1001","T234","heroin","male","ivsa",2,"inactive",14
"1002","T234","heroin","male","ivsa",2,"infusion",13
"1003","T234","heroin","male","ivsa",3,"active",74
"1004","T234","heroin","male","ivsa",3,"inactive",17
"1005","T234","heroin","male","ivsa",3,"infusion",22
"1006","T234","heroin","male","ivsa",4,"active",105
"1007","T234","heroin","male","ivsa",4,"inactive",9
"1008","T234","heroin","male","ivsa",4,"infusion",32
"1009","T234","heroin","male","ivsa",5,"active",49
"1010","T234","heroin","male","ivsa",5,"inactive",11
"1011","T234","heroin","male","ivsa",5,"infusion",22
"1012","T234","heroin","male","ivsa",6,"active",62
"1013","T234","heroin","male","ivsa",6,"inactive",18
"1014","T234","heroin","male","ivsa",6,"infusion",37
"1015","T234","heroin","male","ivsa",7,"active",54
"1016","T234","heroin","male","ivsa",7,"inactive",14
"1017","T234","heroin","male","ivsa",7,"infusion",31
"1018","T234","heroin","male","ivsa",8,"active",104
"1019","T234","heroin","male","ivsa",8,"inactive",17
"1020","T234","heroin","male","ivsa",8,"infusion",57
"1021","T234","heroin","male","ivsa",9,"active",50
"1022","T234","heroin","male","ivsa",9,"inactive",23
"1023","T234","heroin","male","ivsa",9,"infusion",35
"1024","T234","heroin","male","ivsa",10,"active",103
"1025","T234","heroin","male","ivsa",10,"inactive",39
"1026","T234","heroin","male","ivsa",10,"infusion",61
"1027","T293","heroin","male","cue_reactivity",1,"active",42
"1028","T293","heroin","male","cue_reactivity",1,"inactive",23
"1029","T293","heroin","male","cue_reactivity",1,"infusion",14
"1030","T293","heroin","male","ivsa",1,"active",61
"1031","T293","heroin","male","ivsa",1,"inactive",21
"1032","T293","heroin","male","ivsa",1,"infusion",18
"1033","T293","heroin","male","ivsa",2,"active",127
"1034","T293","heroin","male","ivsa",2,"inactive",18
"1035","T293","heroin","male","ivsa",2,"infusion",31
"1036","T293","heroin","male","ivsa",3,"active",155
"1037","T293","heroin","male","ivsa",3,"inactive",13
"1038","T293","heroin","male","ivsa",3,"infusion",44
"1039","T293","heroin","male","ivsa",4,"active",120
"1040","T293","heroin","male","ivsa",4,"inactive",29
"1041","T293","heroin","male","ivsa",4,"infusion",39
"1042","T293","heroin","male","ivsa",5,"active",119
"1043","T293","heroin","male","ivsa",5,"inactive",38
"1044","T293","heroin","male","ivsa",5,"infusion",43
"1045","T293","heroin","male","ivsa",6,"active",133
"1046","T293","heroin","male","ivsa",6,"inactive",18
"1047","T293","heroin","male","ivsa",6,"infusion",49
"1048","T293","heroin","male","ivsa",7,"active",196
"1049","T293","heroin","male","ivsa",7,"inactive",58
"1050","T293","heroin","male","ivsa",7,"infusion",52
"1051","T293","heroin","male","ivsa",8,"active",310
"1052","T293","heroin","male","ivsa",8,"inactive",310
"1053","T293","heroin","male","ivsa",8,"infusion",70
"1054","T293","heroin","male","ivsa",9,"active",164
"1055","T293","heroin","male","ivsa",9,"inactive",249
"1056","T293","heroin","male","ivsa",9,"infusion",53
"1057","T293","heroin","male","ivsa",10,"active",196
"1058","T293","heroin","male","ivsa",10,"inactive",142
"1059","T293","heroin","male","ivsa",10,"infusion",69
"1060","T301","heroin","male","cue_reactivity",1,"active",140
"1061","T301","heroin","male","cue_reactivity",1,"inactive",18
"1062","T301","heroin","male","cue_reactivity",1,"infusion",23
"1063","T301","heroin","male","cue_reactivity",30,"active",68
"1064","T301","heroin","male","cue_reactivity",30,"inactive",7
"1065","T301","heroin","male","cue_reactivity",30,"infusion",22
"1066","T301","heroin","male","ivsa",1,"active",58
"1067","T301","heroin","male","ivsa",1,"inactive",10
"1068","T301","heroin","male","ivsa",1,"infusion",32
"1069","T301","heroin","male","ivsa",2,"active",236
"1070","T301","heroin","male","ivsa",2,"inactive",9
"1071","T301","heroin","male","ivsa",2,"infusion",75
"1072","T301","heroin","male","ivsa",3,"active",232
"1073","T301","heroin","male","ivsa",3,"inactive",1
"1074","T301","heroin","male","ivsa",3,"infusion",75
"1075","T301","heroin","male","ivsa",4,"active",188
"1076","T301","heroin","male","ivsa",4,"inactive",2
"1077","T301","heroin","male","ivsa",4,"infusion",75
"1078","T301","heroin","male","ivsa",5,"active",214
"1079","T301","heroin","male","ivsa",5,"inactive",0
"1080","T301","heroin","male","ivsa",5,"infusion",75
"1081","T301","heroin","male","ivsa",6,"active",171
"1082","T301","heroin","male","ivsa",6,"inactive",5
"1083","T301","heroin","male","ivsa",6,"infusion",75
"1084","T301","heroin","male","ivsa",7,"active",331
"1085","T301","heroin","male","ivsa",7,"inactive",16
"1086","T301","heroin","male","ivsa",7,"infusion",75
"1087","T301","heroin","male","ivsa",8,"active",409
"1088","T301","heroin","male","ivsa",8,"inactive",4
"1089","T301","heroin","male","ivsa",8,"infusion",75
"1090","T301","heroin","male","ivsa",9,"active",449
"1091","T301","heroin","male","ivsa",9,"inactive",9
"1092","T301","heroin","male","ivsa",9,"infusion",75
"1093","T301","heroin","male","ivsa",10,"active",312
"1094","T301","heroin","male","ivsa",10,"inactive",2
"1095","T301","heroin","male","ivsa",10,"infusion",75
"1096","T344","heroin","male","cue_reactivity",1,"active",6
"1097","T344","heroin","male","cue_reactivity",1,"inactive",1
"1098","T344","heroin","male","cue_reactivity",1,"infusion",4
"1099","T344","heroin","male","cue_reactivity",30,"active",57
"1100","T344","heroin","male","cue_reactivity",30,"inactive",35
"1101","T344","heroin","male","cue_reactivity",30,"infusion",21
"1102","T344","heroin","male","ivsa",1,"active",67
"1103","T344","heroin","male","ivsa",1,"inactive",21
"1104","T344","heroin","male","ivsa",1,"infusion",22
"1105","T344","heroin","male","ivsa",2,"active",80
"1106","T344","heroin","male","ivsa",2,"inactive",15
"1107","T344","heroin","male","ivsa",2,"infusion",38
"1108","T344","heroin","male","ivsa",3,"active",56
"1109","T344","heroin","male","ivsa",3,"inactive",18
"1110","T344","heroin","male","ivsa",3,"infusion",34
"1111","T344","heroin","male","ivsa",4,"active",45
"1112","T344","heroin","male","ivsa",4,"inactive",5
"1113","T344","heroin","male","ivsa",4,"infusion",29
"1114","T344","heroin","male","ivsa",5,"active",35
"1115","T344","heroin","male","ivsa",5,"inactive",19
"1116","T344","heroin","male","ivsa",5,"infusion",23
"1117","T344","heroin","male","ivsa",6,"active",69
"1118","T344","heroin","male","ivsa",6,"inactive",24
"1119","T344","heroin","male","ivsa",6,"infusion",44
"1120","T344","heroin","male","ivsa",7,"active",117
"1121","T344","heroin","male","ivsa",7,"inactive",31
"1122","T344","heroin","male","ivsa",7,"infusion",50
"1123","T344","heroin","male","ivsa",8,"active",116
"1124","T344","heroin","male","ivsa",8,"inactive",37
"1125","T344","heroin","male","ivsa",8,"infusion",75
"1126","T344","heroin","male","ivsa",9,"active",72
"1127","T344","heroin","male","ivsa",9,"inactive",15
"1128","T344","heroin","male","ivsa",9,"infusion",26
"1129","T344","heroin","male","ivsa",10,"active",52
"1130","T344","heroin","male","ivsa",10,"inactive",17
"1131","T344","heroin","male","ivsa",10,"infusion",27
"1132","387","sucrose","female","ivsa",1,"active",20
"1133","387","sucrose","female","ivsa",1,"inactive",20
"1134","387","sucrose","female","ivsa",1,"infusion",15
"1135","387","sucrose","female","ivsa",2,"active",113
"1136","387","sucrose","female","ivsa",2,"inactive",27
"1137","387","sucrose","female","ivsa",2,"infusion",53
"1138","387","sucrose","female","ivsa",3,"active",89
"1139","387","sucrose","female","ivsa",3,"inactive",11
"1140","387","sucrose","female","ivsa",3,"infusion",51
"1141","387","sucrose","female","ivsa",4,"active",170
"1142","387","sucrose","female","ivsa",4,"inactive",27
"1143","387","sucrose","female","ivsa",4,"infusion",75
"1144","387","sucrose","female","ivsa",5,"active",150
"1145","387","sucrose","female","ivsa",5,"inactive",13
"1146","387","sucrose","female","ivsa",5,"infusion",85
"1147","387","sucrose","female","ivsa",6,"active",167
"1148","387","sucrose","female","ivsa",6,"inactive",14
"1149","387","sucrose","female","ivsa",6,"infusion",90
"1150","387","sucrose","female","ivsa",7,"active",157
"1151","387","sucrose","female","ivsa",7,"inactive",11
"1152","387","sucrose","female","ivsa",7,"infusion",85
"1153","387","sucrose","female","ivsa",8,"active",189
"1154","387","sucrose","female","ivsa",8,"inactive",6
"1155","387","sucrose","female","ivsa",8,"infusion",90
"1156","387","sucrose","female","ivsa",9,"active",151
"1157","387","sucrose","female","ivsa",9,"inactive",2
"1158","387","sucrose","female","ivsa",9,"infusion",90
"1159","387","sucrose","female","ivsa",10,"active",176
"1160","387","sucrose","female","ivsa",10,"inactive",5
"1161","387","sucrose","female","ivsa",10,"infusion",90
"1162","388","sucrose","female","ivsa",1,"active",83
"1163","388","sucrose","female","ivsa",1,"inactive",13
"1164","388","sucrose","female","ivsa",1,"infusion",47
"1165","388","sucrose","female","ivsa",2,"active",137
"1166","388","sucrose","female","ivsa",2,"inactive",11
"1167","388","sucrose","female","ivsa",2,"infusion",78
"1168","388","sucrose","female","ivsa",3,"active",104
"1169","388","sucrose","female","ivsa",3,"inactive",8
"1170","388","sucrose","female","ivsa",3,"infusion",64
"1171","388","sucrose","female","ivsa",4,"active",143
"1172","388","sucrose","female","ivsa",4,"inactive",2
"1173","388","sucrose","female","ivsa",4,"infusion",77
"1174","388","sucrose","female","ivsa",5,"active",129
"1175","388","sucrose","female","ivsa",5,"inactive",8
"1176","388","sucrose","female","ivsa",5,"infusion",67
"1177","388","sucrose","female","ivsa",6,"active",132
"1178","388","sucrose","female","ivsa",6,"inactive",5
"1179","388","sucrose","female","ivsa",6,"infusion",77
"1180","388","sucrose","female","ivsa",7,"active",74
"1181","388","sucrose","female","ivsa",7,"inactive",4
"1182","388","sucrose","female","ivsa",7,"infusion",48
"1183","388","sucrose","female","ivsa",8,"active",122
"1184","388","sucrose","female","ivsa",8,"inactive",3
"1185","388","sucrose","female","ivsa",8,"infusion",75
"1186","388","sucrose","female","ivsa",9,"active",112
"1187","388","sucrose","female","ivsa",9,"inactive",4
"1188","388","sucrose","female","ivsa",9,"infusion",81
"1189","388","sucrose","female","ivsa",10,"active",127
"1190","388","sucrose","female","ivsa",10,"inactive",7
"1191","388","sucrose","female","ivsa",10,"infusion",75
"1192","389","sucrose","female","ivsa",1,"active",68
"1193","389","sucrose","female","ivsa",1,"inactive",34
"1194","389","sucrose","female","ivsa",1,"infusion",39
"1195","389","sucrose","female","ivsa",2,"active",98
"1196","389","sucrose","female","ivsa",2,"inactive",59
"1197","389","sucrose","female","ivsa",2,"infusion",58
"1198","389","sucrose","female","ivsa",3,"active",148
"1199","389","sucrose","female","ivsa",3,"inactive",37
"1200","389","sucrose","female","ivsa",3,"infusion",71
"1201","389","sucrose","female","ivsa",4,"active",148
"1202","389","sucrose","female","ivsa",4,"inactive",45
"1203","389","sucrose","female","ivsa",4,"infusion",81
"1204","389","sucrose","female","ivsa",5,"active",119
"1205","389","sucrose","female","ivsa",5,"inactive",44
"1206","389","sucrose","female","ivsa",5,"infusion",83
"1207","389","sucrose","female","ivsa",6,"active",132
"1208","389","sucrose","female","ivsa",6,"inactive",20
"1209","389","sucrose","female","ivsa",6,"infusion",85
"1210","389","sucrose","female","ivsa",7,"active",111
"1211","389","sucrose","female","ivsa",7,"inactive",23
"1212","389","sucrose","female","ivsa",7,"infusion",74
"1213","389","sucrose","female","ivsa",8,"active",122
"1214","389","sucrose","female","ivsa",8,"inactive",12
"1215","389","sucrose","female","ivsa",8,"infusion",84
"1216","389","sucrose","female","ivsa",9,"active",104
"1217","389","sucrose","female","ivsa",9,"inactive",9
"1218","389","sucrose","female","ivsa",9,"infusion",78
"1219","389","sucrose","female","ivsa",10,"active",118
"1220","389","sucrose","female","ivsa",10,"inactive",15
"1221","389","sucrose","female","ivsa",10,"infusion",81
"1222","390","sucrose","female","ivsa",1,"active",20
"1223","390","sucrose","female","ivsa",1,"inactive",24
"1224","390","sucrose","female","ivsa",1,"infusion",16
"1225","390","sucrose","female","ivsa",2,"active",19
"1226","390","sucrose","female","ivsa",2,"inactive",14
"1227","390","sucrose","female","ivsa",2,"infusion",13
"1228","390","sucrose","female","ivsa",3,"active",24
"1229","390","sucrose","female","ivsa",3,"inactive",7
"1230","390","sucrose","female","ivsa",3,"infusion",20
"1231","390","sucrose","female","ivsa",4,"active",121
"1232","390","sucrose","female","ivsa",4,"inactive",18
"1233","390","sucrose","female","ivsa",4,"infusion",65
"1234","390","sucrose","female","ivsa",5,"active",101
"1235","390","sucrose","female","ivsa",5,"inactive",2
"1236","390","sucrose","female","ivsa",5,"infusion",63
"1237","390","sucrose","female","ivsa",6,"active",75
"1238","390","sucrose","female","ivsa",6,"inactive",2
"1239","390","sucrose","female","ivsa",6,"infusion",52
"1240","390","sucrose","female","ivsa",7,"active",126
"1241","390","sucrose","female","ivsa",7,"inactive",4
"1242","390","sucrose","female","ivsa",7,"infusion",68
"1243","390","sucrose","female","ivsa",8,"active",109
"1244","390","sucrose","female","ivsa",8,"inactive",3
"1245","390","sucrose","female","ivsa",8,"infusion",61
"1246","390","sucrose","female","ivsa",9,"active",162
"1247","390","sucrose","female","ivsa",9,"inactive",0
"1248","390","sucrose","female","ivsa",9,"infusion",88
"1249","390","sucrose","female","ivsa",10,"active",141
"1250","390","sucrose","female","ivsa",10,"inactive",1
"1251","390","sucrose","female","ivsa",10,"infusion",84
"1252","391","sucrose","female","ivsa",1,"active",124
"1253","391","sucrose","female","ivsa",1,"inactive",47
"1254","391","sucrose","female","ivsa",1,"infusion",59
"1255","391","sucrose","female","ivsa",2,"active",80
"1256","391","sucrose","female","ivsa",2,"inactive",34
"1257","391","sucrose","female","ivsa",2,"infusion",47
"1258","391","sucrose","female","ivsa",3,"active",136
"1259","391","sucrose","female","ivsa",3,"inactive",43
"1260","391","sucrose","female","ivsa",3,"infusion",72
"1261","391","sucrose","female","ivsa",4,"active",93
"1262","391","sucrose","female","ivsa",4,"inactive",27
"1263","391","sucrose","female","ivsa",4,"infusion",59
"1264","391","sucrose","female","ivsa",5,"active",94
"1265","391","sucrose","female","ivsa",5,"inactive",11
"1266","391","sucrose","female","ivsa",5,"infusion",57
"1267","391","sucrose","female","ivsa",6,"active",77
"1268","391","sucrose","female","ivsa",6,"inactive",10
"1269","391","sucrose","female","ivsa",6,"infusion",48
"1270","391","sucrose","female","ivsa",7,"active",78
"1271","391","sucrose","female","ivsa",7,"inactive",18
"1272","391","sucrose","female","ivsa",7,"infusion",49
"1273","391","sucrose","female","ivsa",8,"active",79
"1274","391","sucrose","female","ivsa",8,"inactive",6
"1275","391","sucrose","female","ivsa",8,"infusion",56
"1276","391","sucrose","female","ivsa",9,"active",84
"1277","391","sucrose","female","ivsa",9,"inactive",7
"1278","391","sucrose","female","ivsa",9,"infusion",60
"1279","391","sucrose","female","ivsa",10,"active",78
"1280","391","sucrose","female","ivsa",10,"inactive",6
"1281","391","sucrose","female","ivsa",10,"infusion",49
"1282","392","sucrose","female","ivsa",1,"active",110
"1283","392","sucrose","female","ivsa",1,"inactive",47
"1284","392","sucrose","female","ivsa",1,"infusion",56
"1285","392","sucrose","female","ivsa",2,"active",157
"1286","392","sucrose","female","ivsa",2,"inactive",22
"1287","392","sucrose","female","ivsa",2,"infusion",87
"1288","392","sucrose","female","ivsa",3,"active",155
"1289","392","sucrose","female","ivsa",3,"inactive",1
"1290","392","sucrose","female","ivsa",3,"infusion",90
"1291","392","sucrose","female","ivsa",4,"active",90
"1292","392","sucrose","female","ivsa",4,"inactive",17
"1293","392","sucrose","female","ivsa",4,"infusion",70
"1294","392","sucrose","female","ivsa",5,"active",147
"1295","392","sucrose","female","ivsa",5,"inactive",28
"1296","392","sucrose","female","ivsa",5,"infusion",85
"1297","392","sucrose","female","ivsa",6,"active",148
"1298","392","sucrose","female","ivsa",6,"inactive",6
"1299","392","sucrose","female","ivsa",6,"infusion",79
"1300","392","sucrose","female","ivsa",7,"active",183
"1301","392","sucrose","female","ivsa",7,"inactive",7
"1302","392","sucrose","female","ivsa",7,"infusion",78
"1303","392","sucrose","female","ivsa",8,"active",151
"1304","392","sucrose","female","ivsa",8,"inactive",11
"1305","392","sucrose","female","ivsa",8,"infusion",90
"1306","392","sucrose","female","ivsa",9,"active",131
"1307","392","sucrose","female","ivsa",9,"inactive",3
"1308","392","sucrose","female","ivsa",9,"infusion",90
"1309","392","sucrose","female","ivsa",10,"active",137
"1310","392","sucrose","female","ivsa",10,"inactive",5
"1311","392","sucrose","female","ivsa",10,"infusion",90
"1312","393","sucrose","female","ivsa",1,"active",61
"1313","393","sucrose","female","ivsa",1,"inactive",32
"1314","393","sucrose","female","ivsa",1,"infusion",32
"1315","393","sucrose","female","ivsa",2,"active",185
"1316","393","sucrose","female","ivsa",2,"inactive",19
"1317","393","sucrose","female","ivsa",2,"infusion",85
"1318","393","sucrose","female","ivsa",3,"active",91
"1319","393","sucrose","female","ivsa",3,"inactive",16
"1320","393","sucrose","female","ivsa",3,"infusion",62
"1321","393","sucrose","female","ivsa",4,"active",139
"1322","393","sucrose","female","ivsa",4,"inactive",14
"1323","393","sucrose","female","ivsa",4,"infusion",76
"1324","393","sucrose","female","ivsa",5,"active",122
"1325","393","sucrose","female","ivsa",5,"inactive",25
"1326","393","sucrose","female","ivsa",5,"infusion",83
"1327","393","sucrose","female","ivsa",6,"active",181
"1328","393","sucrose","female","ivsa",6,"inactive",34
"1329","393","sucrose","female","ivsa",6,"infusion",89
"1330","393","sucrose","female","ivsa",7,"active",141
"1331","393","sucrose","female","ivsa",7,"inactive",27
"1332","393","sucrose","female","ivsa",7,"infusion",90
"1333","393","sucrose","female","ivsa",8,"active",108
"1334","393","sucrose","female","ivsa",8,"inactive",8
"1335","393","sucrose","female","ivsa",8,"infusion",79
"1336","393","sucrose","female","ivsa",9,"active",132
"1337","393","sucrose","female","ivsa",9,"inactive",12
"1338","393","sucrose","female","ivsa",9,"infusion",87
"1339","393","sucrose","female","ivsa",10,"active",155
"1340","393","sucrose","female","ivsa",10,"inactive",14
"1341","393","sucrose","female","ivsa",10,"infusion",90
"1342","394","sucrose","female","ivsa",1,"active",33
"1343","394","sucrose","female","ivsa",1,"inactive",30
"1344","394","sucrose","female","ivsa",1,"infusion",22
"1345","394","sucrose","female","ivsa",2,"active",126
"1346","394","sucrose","female","ivsa",2,"inactive",27
"1347","394","sucrose","female","ivsa",2,"infusion",63
"1348","394","sucrose","female","ivsa",3,"active",129
"1349","394","sucrose","female","ivsa",3,"inactive",20
"1350","394","sucrose","female","ivsa",3,"infusion",65
"1351","394","sucrose","female","ivsa",4,"active",226
"1352","394","sucrose","female","ivsa",4,"inactive",21
"1353","394","sucrose","female","ivsa",4,"infusion",87
"1354","394","sucrose","female","ivsa",5,"active",109
"1355","394","sucrose","female","ivsa",5,"inactive",20
"1356","394","sucrose","female","ivsa",5,"infusion",73
"1357","394","sucrose","female","ivsa",6,"active",155
"1358","394","sucrose","female","ivsa",6,"inactive",31
"1359","394","sucrose","female","ivsa",6,"infusion",77
"1360","394","sucrose","female","ivsa",7,"active",143
"1361","394","sucrose","female","ivsa",7,"inactive",22
"1362","394","sucrose","female","ivsa",7,"infusion",77
"1363","394","sucrose","female","ivsa",8,"active",123
"1364","394","sucrose","female","ivsa",8,"inactive",16
"1365","394","sucrose","female","ivsa",8,"infusion",74
"1366","394","sucrose","female","ivsa",9,"active",184
"1367","394","sucrose","female","ivsa",9,"inactive",7
"1368","394","sucrose","female","ivsa",9,"infusion",78
"1369","394","sucrose","female","ivsa",10,"active",167
"1370","394","sucrose","female","ivsa",10,"inactive",31
"1371","394","sucrose","female","ivsa",10,"infusion",89
"1372","395","sucrose","female","ivsa",1,"active",46
"1373","395","sucrose","female","ivsa",1,"inactive",18
"1374","395","sucrose","female","ivsa",1,"infusion",24
"1375","395","sucrose","female","ivsa",2,"active",138
"1376","395","sucrose","female","ivsa",2,"inactive",27
"1377","395","sucrose","female","ivsa",2,"infusion",81
"1378","395","sucrose","female","ivsa",3,"active",183
"1379","395","sucrose","female","ivsa",3,"inactive",25
"1380","395","sucrose","female","ivsa",3,"infusion",90
"1381","395","sucrose","female","ivsa",4,"active",114
"1382","395","sucrose","female","ivsa",4,"inactive",8
"1383","395","sucrose","female","ivsa",4,"infusion",64
"1384","395","sucrose","female","ivsa",5,"active",100
"1385","395","sucrose","female","ivsa",5,"inactive",4
"1386","395","sucrose","female","ivsa",5,"infusion",68
"1387","395","sucrose","female","ivsa",6,"active",113
"1388","395","sucrose","female","ivsa",6,"inactive",1
"1389","395","sucrose","female","ivsa",6,"infusion",78
"1390","395","sucrose","female","ivsa",7,"active",106
"1391","395","sucrose","female","ivsa",7,"inactive",1
"1392","395","sucrose","female","ivsa",7,"infusion",81
"1393","395","sucrose","female","ivsa",8,"active",129
"1394","395","sucrose","female","ivsa",8,"inactive",2
"1395","395","sucrose","female","ivsa",8,"infusion",90
"1396","395","sucrose","female","ivsa",9,"active",122
"1397","395","sucrose","female","ivsa",9,"inactive",8
"1398","395","sucrose","female","ivsa",9,"infusion",90
"1399","395","sucrose","female","ivsa",10,"active",124
"1400","395","sucrose","female","ivsa",10,"inactive",2
"1401","395","sucrose","female","ivsa",10,"infusion",90
"1402","396","sucrose","female","ivsa",1,"active",13
"1403","396","sucrose","female","ivsa",1,"inactive",14
"1404","396","sucrose","female","ivsa",1,"infusion",11
"1405","396","sucrose","female","ivsa",2,"active",107
"1406","396","sucrose","female","ivsa",2,"inactive",24
"1407","396","sucrose","female","ivsa",2,"infusion",67
"1408","396","sucrose","female","ivsa",3,"active",122
"1409","396","sucrose","female","ivsa",3,"inactive",17
"1410","396","sucrose","female","ivsa",3,"infusion",71
"1411","396","sucrose","female","ivsa",4,"active",115
"1412","396","sucrose","female","ivsa",4,"inactive",5
"1413","396","sucrose","female","ivsa",4,"infusion",65
"1414","396","sucrose","female","ivsa",5,"active",137
"1415","396","sucrose","female","ivsa",5,"inactive",5
"1416","396","sucrose","female","ivsa",5,"infusion",81
"1417","396","sucrose","female","ivsa",6,"active",85
"1418","396","sucrose","female","ivsa",6,"inactive",6
"1419","396","sucrose","female","ivsa",6,"infusion",61
"1420","396","sucrose","female","ivsa",7,"active",135
"1421","396","sucrose","female","ivsa",7,"inactive",2
"1422","396","sucrose","female","ivsa",7,"infusion",89
"1423","396","sucrose","female","ivsa",8,"active",118
"1424","396","sucrose","female","ivsa",8,"inactive",5
"1425","396","sucrose","female","ivsa",8,"infusion",88
"1426","396","sucrose","female","ivsa",9,"active",137
"1427","396","sucrose","female","ivsa",9,"inactive",1
"1428","396","sucrose","female","ivsa",9,"infusion",90
"1429","396","sucrose","female","ivsa",10,"active",135
"1430","396","sucrose","female","ivsa",10,"inactive",0
"1431","396","sucrose","female","ivsa",10,"infusion",79
"1432","397","sucrose","female","ivsa",1,"active",147
"1433","397","sucrose","female","ivsa",1,"inactive",75
"1434","397","sucrose","female","ivsa",1,"infusion",76
"1435","397","sucrose","female","ivsa",2,"active",122
"1436","397","sucrose","female","ivsa",2,"inactive",73
"1437","397","sucrose","female","ivsa",2,"infusion",74
"1438","397","sucrose","female","ivsa",3,"active",152
"1439","397","sucrose","female","ivsa",3,"inactive",27
"1440","397","sucrose","female","ivsa",3,"infusion",83
"1441","397","sucrose","female","ivsa",4,"active",187
"1442","397","sucrose","female","ivsa",4,"inactive",58
"1443","397","sucrose","female","ivsa",4,"infusion",90
"1444","397","sucrose","female","ivsa",5,"active",120
"1445","397","sucrose","female","ivsa",5,"inactive",41
"1446","397","sucrose","female","ivsa",5,"infusion",90
"1447","397","sucrose","female","ivsa",6,"active",135
"1448","397","sucrose","female","ivsa",6,"inactive",14
"1449","397","sucrose","female","ivsa",6,"infusion",90
"1450","397","sucrose","female","ivsa",7,"active",166
"1451","397","sucrose","female","ivsa",7,"inactive",14
"1452","397","sucrose","female","ivsa",7,"infusion",90
"1453","397","sucrose","female","ivsa",8,"active",131
"1454","397","sucrose","female","ivsa",8,"inactive",11
"1455","397","sucrose","female","ivsa",8,"infusion",90
"1456","397","sucrose","female","ivsa",9,"active",141
"1457","397","sucrose","female","ivsa",9,"inactive",10
"1458","397","sucrose","female","ivsa",9,"infusion",90
"1459","397","sucrose","female","ivsa",10,"active",147
"1460","397","sucrose","female","ivsa",10,"inactive",20
"1461","397","sucrose","female","ivsa",10,"infusion",90
"1462","398","sucrose","female","ivsa",1,"active",18
"1463","398","sucrose","female","ivsa",1,"inactive",34
"1464","398","sucrose","female","ivsa",1,"infusion",12
"1465","398","sucrose","female","ivsa",2,"active",122
"1466","398","sucrose","female","ivsa",2,"inactive",26
"1467","398","sucrose","female","ivsa",2,"infusion",75
"1468","398","sucrose","female","ivsa",3,"active",163
"1469","398","sucrose","female","ivsa",3,"inactive",25
"1470","398","sucrose","female","ivsa",3,"infusion",90
"1471","398","sucrose","female","ivsa",4,"active",171
"1472","398","sucrose","female","ivsa",4,"inactive",18
"1473","398","sucrose","female","ivsa",4,"infusion",90
"1474","398","sucrose","female","ivsa",5,"active",129
"1475","398","sucrose","female","ivsa",5,"inactive",1
"1476","398","sucrose","female","ivsa",5,"infusion",90
"1477","398","sucrose","female","ivsa",6,"active",169
"1478","398","sucrose","female","ivsa",6,"inactive",10
"1479","398","sucrose","female","ivsa",6,"infusion",90
"1480","398","sucrose","female","ivsa",7,"active",260
"1481","398","sucrose","female","ivsa",7,"inactive",13
"1482","398","sucrose","female","ivsa",7,"infusion",90
"1483","398","sucrose","female","ivsa",8,"active",211
"1484","398","sucrose","female","ivsa",8,"inactive",9
"1485","398","sucrose","female","ivsa",8,"infusion",90
"1486","398","sucrose","female","ivsa",9,"active",158
"1487","398","sucrose","female","ivsa",9,"inactive",11
"1488","398","sucrose","female","ivsa",9,"infusion",90
"1489","398","sucrose","female","ivsa",10,"active",153
"1490","398","sucrose","female","ivsa",10,"inactive",6
"1491","398","sucrose","female","ivsa",10,"infusion",90
"1492","399","sucrose","female","ivsa",1,"active",70
"1493","399","sucrose","female","ivsa",1,"inactive",53
"1494","399","sucrose","female","ivsa",1,"infusion",50
"1495","399","sucrose","female","ivsa",2,"active",118
"1496","399","sucrose","female","ivsa",2,"inactive",10
"1497","399","sucrose","female","ivsa",2,"infusion",64
"1498","399","sucrose","female","ivsa",3,"active",114
"1499","399","sucrose","female","ivsa",3,"inactive",12
"1500","399","sucrose","female","ivsa",3,"infusion",68
"1501","399","sucrose","female","ivsa",4,"active",144
"1502","399","sucrose","female","ivsa",4,"inactive",20
"1503","399","sucrose","female","ivsa",4,"infusion",77
"1504","399","sucrose","female","ivsa",5,"active",115
"1505","399","sucrose","female","ivsa",5,"inactive",14
"1506","399","sucrose","female","ivsa",5,"infusion",75
"1507","399","sucrose","female","ivsa",6,"active",117
"1508","399","sucrose","female","ivsa",6,"inactive",10
"1509","399","sucrose","female","ivsa",6,"infusion",76
"1510","399","sucrose","female","ivsa",7,"active",90
"1511","399","sucrose","female","ivsa",7,"inactive",1
"1512","399","sucrose","female","ivsa",7,"infusion",68
"1513","399","sucrose","female","ivsa",8,"active",132
"1514","399","sucrose","female","ivsa",8,"inactive",7
"1515","399","sucrose","female","ivsa",8,"infusion",84
"1516","399","sucrose","female","ivsa",9,"active",102
"1517","399","sucrose","female","ivsa",9,"inactive",7
"1518","399","sucrose","female","ivsa",9,"infusion",61
"1519","399","sucrose","female","ivsa",10,"active",123
"1520","399","sucrose","female","ivsa",10,"inactive",4
"1521","399","sucrose","female","ivsa",10,"infusion",80
"1522","417","sucrose","female","ivsa",1,"active",134
"1523","417","sucrose","female","ivsa",1,"inactive",32
"1524","417","sucrose","female","ivsa",1,"infusion",84
"1525","417","sucrose","female","ivsa",2,"active",127
"1526","417","sucrose","female","ivsa",2,"inactive",11
"1527","417","sucrose","female","ivsa",2,"infusion",84
"1528","417","sucrose","female","ivsa",3,"active",91
"1529","417","sucrose","female","ivsa",3,"inactive",27
"1530","417","sucrose","female","ivsa",3,"infusion",75
"1531","417","sucrose","female","ivsa",4,"active",92
"1532","417","sucrose","female","ivsa",4,"inactive",5
"1533","417","sucrose","female","ivsa",4,"infusion",76
"1534","417","sucrose","female","ivsa",5,"active",115
"1535","417","sucrose","female","ivsa",5,"inactive",8
"1536","417","sucrose","female","ivsa",5,"infusion",78
"1537","417","sucrose","female","ivsa",6,"active",135
"1538","417","sucrose","female","ivsa",6,"inactive",21
"1539","417","sucrose","female","ivsa",6,"infusion",78
"1540","417","sucrose","female","ivsa",7,"active",135
"1541","417","sucrose","female","ivsa",7,"inactive",7
"1542","417","sucrose","female","ivsa",7,"infusion",78
"1543","417","sucrose","female","ivsa",8,"active",156
"1544","417","sucrose","female","ivsa",8,"inactive",5
"1545","417","sucrose","female","ivsa",8,"infusion",75
"1546","417","sucrose","female","ivsa",9,"active",126
"1547","417","sucrose","female","ivsa",9,"inactive",4
"1548","417","sucrose","female","ivsa",9,"infusion",75
"1549","417","sucrose","female","ivsa",10,"active",141
"1550","417","sucrose","female","ivsa",10,"inactive",81
"1551","417","sucrose","female","ivsa",10,"infusion",90
"1552","418","sucrose","female","ivsa",1,"active",112
"1553","418","sucrose","female","ivsa",1,"inactive",34
"1554","418","sucrose","female","ivsa",1,"infusion",63
"1555","418","sucrose","female","ivsa",2,"active",79
"1556","418","sucrose","female","ivsa",2,"inactive",17
"1557","418","sucrose","female","ivsa",2,"infusion",47
"1558","418","sucrose","female","ivsa",3,"active",161
"1559","418","sucrose","female","ivsa",3,"inactive",4
"1560","418","sucrose","female","ivsa",3,"infusion",77
"1561","418","sucrose","female","ivsa",4,"active",102
"1562","418","sucrose","female","ivsa",4,"inactive",1
"1563","418","sucrose","female","ivsa",4,"infusion",52
"1564","418","sucrose","female","ivsa",5,"active",124
"1565","418","sucrose","female","ivsa",5,"inactive",1
"1566","418","sucrose","female","ivsa",5,"infusion",51
"1567","418","sucrose","female","ivsa",6,"active",143
"1568","418","sucrose","female","ivsa",6,"inactive",3
"1569","418","sucrose","female","ivsa",6,"infusion",82
"1570","418","sucrose","female","ivsa",7,"active",81
"1571","418","sucrose","female","ivsa",7,"inactive",1
"1572","418","sucrose","female","ivsa",7,"infusion",54
"1573","418","sucrose","female","ivsa",8,"active",85
"1574","418","sucrose","female","ivsa",8,"inactive",1
"1575","418","sucrose","female","ivsa",8,"infusion",62
"1576","418","sucrose","female","ivsa",9,"active",101
"1577","418","sucrose","female","ivsa",9,"inactive",0
"1578","418","sucrose","female","ivsa",9,"infusion",67
"1579","418","sucrose","female","ivsa",10,"active",160
"1580","418","sucrose","female","ivsa",10,"inactive",0
"1581","418","sucrose","female","ivsa",10,"infusion",60
"1582","422","sucrose","female","ivsa",1,"active",104
"1583","422","sucrose","female","ivsa",1,"inactive",21
"1584","422","sucrose","female","ivsa",1,"infusion",70
"1585","422","sucrose","female","ivsa",2,"active",226
"1586","422","sucrose","female","ivsa",2,"inactive",8
"1587","422","sucrose","female","ivsa",2,"infusion",90
"1588","422","sucrose","female","ivsa",3,"active",201
"1589","422","sucrose","female","ivsa",3,"inactive",6
"1590","422","sucrose","female","ivsa",3,"infusion",90
"1591","422","sucrose","female","ivsa",4,"active",196
"1592","422","sucrose","female","ivsa",4,"inactive",7
"1593","422","sucrose","female","ivsa",4,"infusion",90
"1594","422","sucrose","female","ivsa",5,"active",191
"1595","422","sucrose","female","ivsa",5,"inactive",13
"1596","422","sucrose","female","ivsa",5,"infusion",90
"1597","422","sucrose","female","ivsa",6,"active",246
"1598","422","sucrose","female","ivsa",6,"inactive",25
"1599","422","sucrose","female","ivsa",6,"infusion",90
"1600","422","sucrose","female","ivsa",7,"active",231
"1601","422","sucrose","female","ivsa",7,"inactive",6
"1602","422","sucrose","female","ivsa",7,"infusion",90
"1603","422","sucrose","female","ivsa",8,"active",159
"1604","422","sucrose","female","ivsa",8,"inactive",2
"1605","422","sucrose","female","ivsa",8,"infusion",90
"1606","422","sucrose","female","ivsa",9,"active",199
"1607","422","sucrose","female","ivsa",9,"inactive",4
"1608","422","sucrose","female","ivsa",9,"infusion",90
"1609","422","sucrose","female","ivsa",10,"active",232
"1610","422","sucrose","female","ivsa",10,"inactive",1
"1611","422","sucrose","female","ivsa",10,"infusion",90
"1612","423","sucrose","female","ivsa",1,"active",88
"1613","423","sucrose","female","ivsa",1,"inactive",2
"1614","423","sucrose","female","ivsa",1,"infusion",50
"1615","423","sucrose","female","ivsa",2,"active",205
"1616","423","sucrose","female","ivsa",2,"inactive",16
"1617","423","sucrose","female","ivsa",2,"infusion",90
"1618","423","sucrose","female","ivsa",3,"active",255
"1619","423","sucrose","female","ivsa",3,"inactive",7
"1620","423","sucrose","female","ivsa",3,"infusion",90
"1621","423","sucrose","female","ivsa",4,"active",191
"1622","423","sucrose","female","ivsa",4,"inactive",11
"1623","423","sucrose","female","ivsa",4,"infusion",90
"1624","423","sucrose","female","ivsa",5,"active",142
"1625","423","sucrose","female","ivsa",5,"inactive",4
"1626","423","sucrose","female","ivsa",5,"infusion",90
"1627","423","sucrose","female","ivsa",6,"active",145
"1628","423","sucrose","female","ivsa",6,"inactive",3
"1629","423","sucrose","female","ivsa",6,"infusion",90
"1630","423","sucrose","female","ivsa",7,"active",162
"1631","423","sucrose","female","ivsa",7,"inactive",5
"1632","423","sucrose","female","ivsa",7,"infusion",83
"1633","423","sucrose","female","ivsa",8,"active",168
"1634","423","sucrose","female","ivsa",8,"inactive",2
"1635","423","sucrose","female","ivsa",8,"infusion",90
"1636","423","sucrose","female","ivsa",9,"active",114
"1637","423","sucrose","female","ivsa",9,"inactive",0
"1638","423","sucrose","female","ivsa",9,"infusion",90
"1639","423","sucrose","female","ivsa",10,"active",211
"1640","423","sucrose","female","ivsa",10,"inactive",0
"1641","423","sucrose","female","ivsa",10,"infusion",90
"1642","B422","sucrose","female","ivsa",1,"active",32
"1643","B422","sucrose","female","ivsa",1,"inactive",7
"1644","B422","sucrose","female","ivsa",1,"infusion",18
"1645","B422","sucrose","female","ivsa",2,"active",154
"1646","B422","sucrose","female","ivsa",2,"inactive",7
"1647","B422","sucrose","female","ivsa",2,"infusion",76
"1648","B422","sucrose","female","ivsa",3,"active",154
"1649","B422","sucrose","female","ivsa",3,"inactive",3
"1650","B422","sucrose","female","ivsa",3,"infusion",79
"1651","B422","sucrose","female","ivsa",4,"active",143
"1652","B422","sucrose","female","ivsa",4,"inactive",7
"1653","B422","sucrose","female","ivsa",4,"infusion",69
"1654","B422","sucrose","female","ivsa",5,"active",185
"1655","B422","sucrose","female","ivsa",5,"inactive",6
"1656","B422","sucrose","female","ivsa",5,"infusion",90
"1657","B422","sucrose","female","ivsa",6,"active",165
"1658","B422","sucrose","female","ivsa",6,"inactive",6
"1659","B422","sucrose","female","ivsa",6,"infusion",87
"1660","B422","sucrose","female","ivsa",7,"active",149
"1661","B422","sucrose","female","ivsa",7,"inactive",4
"1662","B422","sucrose","female","ivsa",7,"infusion",90
"1663","B422","sucrose","female","ivsa",8,"active",176
"1664","B422","sucrose","female","ivsa",8,"inactive",5
"1665","B422","sucrose","female","ivsa",8,"infusion",90
"1666","B422","sucrose","female","ivsa",9,"active",124
"1667","B422","sucrose","female","ivsa",9,"inactive",0
"1668","B422","sucrose","female","ivsa",9,"infusion",90
"1669","B422","sucrose","female","ivsa",10,"active",170
"1670","B422","sucrose","female","ivsa",10,"inactive",4
"1671","B422","sucrose","female","ivsa",10,"infusion",90
"1672","B456","sucrose","female","ivsa",1,"active",78
"1673","B456","sucrose","female","ivsa",1,"inactive",59
"1674","B456","sucrose","female","ivsa",1,"infusion",50
"1675","B456","sucrose","female","ivsa",2,"active",94
"1676","B456","sucrose","female","ivsa",2,"inactive",79
"1677","B456","sucrose","female","ivsa",2,"infusion",65
"1678","B456","sucrose","female","ivsa",3,"active",150
"1679","B456","sucrose","female","ivsa",3,"inactive",43
"1680","B456","sucrose","female","ivsa",3,"infusion",88
"1681","B456","sucrose","female","ivsa",4,"active",151
"1682","B456","sucrose","female","ivsa",4,"inactive",34
"1683","B456","sucrose","female","ivsa",4,"infusion",81
"1684","B456","sucrose","female","ivsa",5,"active",116
"1685","B456","sucrose","female","ivsa",5,"inactive",8
"1686","B456","sucrose","female","ivsa",5,"infusion",66
"1687","B456","sucrose","female","ivsa",6,"active",120
"1688","B456","sucrose","female","ivsa",6,"inactive",6
"1689","B456","sucrose","female","ivsa",6,"infusion",69
"1690","B456","sucrose","female","ivsa",7,"active",124
"1691","B456","sucrose","female","ivsa",7,"inactive",27
"1692","B456","sucrose","female","ivsa",7,"infusion",70
"1693","B456","sucrose","female","ivsa",8,"active",151
"1694","B456","sucrose","female","ivsa",8,"inactive",11
"1695","B456","sucrose","female","ivsa",8,"infusion",90
"1696","B456","sucrose","female","ivsa",9,"active",147
"1697","B456","sucrose","female","ivsa",9,"inactive",1
"1698","B456","sucrose","female","ivsa",9,"infusion",90
"1699","B456","sucrose","female","ivsa",10,"active",105
"1700","B456","sucrose","female","ivsa",10,"inactive",7
"1701","B456","sucrose","female","ivsa",10,"infusion",86
"1702","B457","sucrose","female","ivsa",1,"active",74
"1703","B457","sucrose","female","ivsa",1,"inactive",31
"1704","B457","sucrose","female","ivsa",1,"infusion",61
"1705","B457","sucrose","female","ivsa",2,"active",137
"1706","B457","sucrose","female","ivsa",2,"inactive",17
"1707","B457","sucrose","female","ivsa",2,"infusion",78
"1708","B457","sucrose","female","ivsa",3,"active",118
"1709","B457","sucrose","female","ivsa",3,"inactive",33
"1710","B457","sucrose","female","ivsa",3,"infusion",83
"1711","B457","sucrose","female","ivsa",4,"active",206
"1712","B457","sucrose","female","ivsa",4,"inactive",56
"1713","B457","sucrose","female","ivsa",4,"infusion",90
"1714","B457","sucrose","female","ivsa",5,"active",139
"1715","B457","sucrose","female","ivsa",5,"inactive",15
"1716","B457","sucrose","female","ivsa",5,"infusion",66
"1717","B457","sucrose","female","ivsa",6,"active",118
"1718","B457","sucrose","female","ivsa",6,"inactive",10
"1719","B457","sucrose","female","ivsa",6,"infusion",70
"1720","B457","sucrose","female","ivsa",7,"active",121
"1721","B457","sucrose","female","ivsa",7,"inactive",14
"1722","B457","sucrose","female","ivsa",7,"infusion",78
"1723","B457","sucrose","female","ivsa",8,"active",270
"1724","B457","sucrose","female","ivsa",8,"inactive",11
"1725","B457","sucrose","female","ivsa",8,"infusion",90
"1726","B457","sucrose","female","ivsa",9,"active",258
"1727","B457","sucrose","female","ivsa",9,"inactive",7
"1728","B457","sucrose","female","ivsa",9,"infusion",90
"1729","B457","sucrose","female","ivsa",10,"active",243
"1730","B457","sucrose","female","ivsa",10,"inactive",4
"1731","B457","sucrose","female","ivsa",10,"infusion",90
"1732","B458","sucrose","female","ivsa",1,"active",6
"1733","B458","sucrose","female","ivsa",1,"inactive",2
"1734","B458","sucrose","female","ivsa",1,"infusion",4
"1735","B458","sucrose","female","ivsa",2,"active",0
"1736","B458","sucrose","female","ivsa",2,"inactive",1
"1737","B458","sucrose","female","ivsa",2,"infusion",0
"1738","B458","sucrose","female","ivsa",3,"active",3
"1739","B458","sucrose","female","ivsa",3,"inactive",0
"1740","B458","sucrose","female","ivsa",3,"infusion",2
"1741","B458","sucrose","female","ivsa",4,"active",2
"1742","B458","sucrose","female","ivsa",4,"inactive",7
"1743","B458","sucrose","female","ivsa",4,"infusion",2
"1744","B458","sucrose","female","ivsa",5,"active",61
"1745","B458","sucrose","female","ivsa",5,"inactive",25
"1746","B458","sucrose","female","ivsa",5,"infusion",26
"1747","B458","sucrose","female","ivsa",6,"active",111
"1748","B458","sucrose","female","ivsa",6,"inactive",13
"1749","B458","sucrose","female","ivsa",6,"infusion",76
"1750","B458","sucrose","female","ivsa",7,"active",109
"1751","B458","sucrose","female","ivsa",7,"inactive",12
"1752","B458","sucrose","female","ivsa",7,"infusion",72
"1753","B458","sucrose","female","ivsa",8,"active",133
"1754","B458","sucrose","female","ivsa",8,"inactive",9
"1755","B458","sucrose","female","ivsa",8,"infusion",80
"1756","B458","sucrose","female","ivsa",9,"active",99
"1757","B458","sucrose","female","ivsa",9,"inactive",9
"1758","B458","sucrose","female","ivsa",9,"infusion",68
"1759","B458","sucrose","female","ivsa",10,"active",113
"1760","B458","sucrose","female","ivsa",10,"inactive",15
"1761","B458","sucrose","female","ivsa",10,"infusion",79
"1762","B459","sucrose","female","ivsa",1,"active",1
"1763","B459","sucrose","female","ivsa",1,"inactive",1
"1764","B459","sucrose","female","ivsa",1,"infusion",1
"1765","B459","sucrose","female","ivsa",2,"active",0
"1766","B459","sucrose","female","ivsa",2,"inactive",0
"1767","B459","sucrose","female","ivsa",2,"infusion",0
"1768","B459","sucrose","female","ivsa",3,"active",0
"1769","B459","sucrose","female","ivsa",3,"inactive",0
"1770","B459","sucrose","female","ivsa",3,"infusion",0
"1771","B459","sucrose","female","ivsa",4,"active",3
"1772","B459","sucrose","female","ivsa",4,"inactive",0
"1773","B459","sucrose","female","ivsa",4,"infusion",3
"1774","B459","sucrose","female","ivsa",5,"active",2
"1775","B459","sucrose","female","ivsa",5,"inactive",0
"1776","B459","sucrose","female","ivsa",5,"infusion",2
"1777","B459","sucrose","female","ivsa",6,"active",2
"1778","B459","sucrose","female","ivsa",6,"inactive",2
"1779","B459","sucrose","female","ivsa",6,"infusion",1
"1780","B459","sucrose","female","ivsa",7,"active",1
"1781","B459","sucrose","female","ivsa",7,"inactive",0
"1782","B459","sucrose","female","ivsa",7,"infusion",1
"1783","B459","sucrose","female","ivsa",8,"active",1
"1784","B459","sucrose","female","ivsa",8,"inactive",1
"1785","B459","sucrose","female","ivsa",8,"infusion",1
"1786","B459","sucrose","female","ivsa",9,"active",2
"1787","B459","sucrose","female","ivsa",9,"inactive",6
"1788","B459","sucrose","female","ivsa",9,"infusion",2
"1789","B459","sucrose","female","ivsa",10,"active",161
"1790","B459","sucrose","female","ivsa",10,"inactive",15
"1791","B459","sucrose","female","ivsa",10,"infusion",88
"1792","B460","sucrose","female","ivsa",1,"active",102
"1793","B460","sucrose","female","ivsa",1,"inactive",23
"1794","B460","sucrose","female","ivsa",1,"infusion",61
"1795","B460","sucrose","female","ivsa",2,"active",157
"1796","B460","sucrose","female","ivsa",2,"inactive",29
"1797","B460","sucrose","female","ivsa",2,"infusion",90
"1798","B460","sucrose","female","ivsa",3,"active",138
"1799","B460","sucrose","female","ivsa",3,"inactive",20
"1800","B460","sucrose","female","ivsa",3,"infusion",90
"1801","B460","sucrose","female","ivsa",4,"active",168
"1802","B460","sucrose","female","ivsa",4,"inactive",8
"1803","B460","sucrose","female","ivsa",4,"infusion",90
"1804","B460","sucrose","female","ivsa",5,"active",124
"1805","B460","sucrose","female","ivsa",5,"inactive",18
"1806","B460","sucrose","female","ivsa",5,"infusion",84
"1807","B460","sucrose","female","ivsa",6,"active",144
"1808","B460","sucrose","female","ivsa",6,"inactive",14
"1809","B460","sucrose","female","ivsa",6,"infusion",76
"1810","B460","sucrose","female","ivsa",7,"active",114
"1811","B460","sucrose","female","ivsa",7,"inactive",11
"1812","B460","sucrose","female","ivsa",7,"infusion",72
"1813","B460","sucrose","female","ivsa",8,"active",177
"1814","B460","sucrose","female","ivsa",8,"inactive",16
"1815","B460","sucrose","female","ivsa",8,"infusion",90
"1816","B460","sucrose","female","ivsa",9,"active",139
"1817","B460","sucrose","female","ivsa",9,"inactive",8
"1818","B460","sucrose","female","ivsa",9,"infusion",90
"1819","B460","sucrose","female","ivsa",10,"active",161
"1820","B460","sucrose","female","ivsa",10,"inactive",10
"1821","B460","sucrose","female","ivsa",10,"infusion",90
"1822","B463","sucrose","female","ivsa",1,"active",66
"1823","B463","sucrose","female","ivsa",1,"inactive",85
"1824","B463","sucrose","female","ivsa",1,"infusion",50
"1825","B463","sucrose","female","ivsa",2,"active",168
"1826","B463","sucrose","female","ivsa",2,"inactive",31
"1827","B463","sucrose","female","ivsa",2,"infusion",80
"1828","B463","sucrose","female","ivsa",3,"active",136
"1829","B463","sucrose","female","ivsa",3,"inactive",33
"1830","B463","sucrose","female","ivsa",3,"infusion",82
"1831","B463","sucrose","female","ivsa",4,"active",109
"1832","B463","sucrose","female","ivsa",4,"inactive",24
"1833","B463","sucrose","female","ivsa",4,"infusion",66
"1834","B463","sucrose","female","ivsa",5,"active",145
"1835","B463","sucrose","female","ivsa",5,"inactive",15
"1836","B463","sucrose","female","ivsa",5,"infusion",72
"1837","B463","sucrose","female","ivsa",6,"active",169
"1838","B463","sucrose","female","ivsa",6,"inactive",20
"1839","B463","sucrose","female","ivsa",6,"infusion",85
"1840","B463","sucrose","female","ivsa",7,"active",167
"1841","B463","sucrose","female","ivsa",7,"inactive",14
"1842","B463","sucrose","female","ivsa",7,"infusion",87
"1843","B463","sucrose","female","ivsa",8,"active",150
"1844","B463","sucrose","female","ivsa",8,"inactive",12
"1845","B463","sucrose","female","ivsa",8,"infusion",90
"1846","B463","sucrose","female","ivsa",9,"active",171
"1847","B463","sucrose","female","ivsa",9,"inactive",5
"1848","B463","sucrose","female","ivsa",9,"infusion",90
"1849","B463","sucrose","female","ivsa",10,"active",231
"1850","B463","sucrose","female","ivsa",10,"inactive",20
"1851","B463","sucrose","female","ivsa",10,"infusion",90
"1852","B474","sucrose","female","ivsa",1,"active",78
"1853","B474","sucrose","female","ivsa",1,"inactive",23
"1854","B474","sucrose","female","ivsa",1,"infusion",50
"1855","B474","sucrose","female","ivsa",2,"active",223
"1856","B474","sucrose","female","ivsa",2,"inactive",24
"1857","B474","sucrose","female","ivsa",2,"infusion",90
"1858","B474","sucrose","female","ivsa",3,"active",165
"1859","B474","sucrose","female","ivsa",3,"inactive",13
"1860","B474","sucrose","female","ivsa",3,"infusion",90
"1861","B474","sucrose","female","ivsa",4,"active",133
"1862","B474","sucrose","female","ivsa",4,"inactive",3
"1863","B474","sucrose","female","ivsa",4,"infusion",82
"1864","B474","sucrose","female","ivsa",5,"active",157
"1865","B474","sucrose","female","ivsa",5,"inactive",3
"1866","B474","sucrose","female","ivsa",5,"infusion",90
"1867","B474","sucrose","female","ivsa",6,"active",159
"1868","B474","sucrose","female","ivsa",6,"inactive",4
"1869","B474","sucrose","female","ivsa",6,"infusion",87
"1870","B474","sucrose","female","ivsa",7,"active",160
"1871","B474","sucrose","female","ivsa",7,"inactive",5
"1872","B474","sucrose","female","ivsa",7,"infusion",90
"1873","B474","sucrose","female","ivsa",8,"active",169
"1874","B474","sucrose","female","ivsa",8,"inactive",4
"1875","B474","sucrose","female","ivsa",8,"infusion",90
"1876","B474","sucrose","female","ivsa",9,"active",166
"1877","B474","sucrose","female","ivsa",9,"inactive",2
"1878","B474","sucrose","female","ivsa",9,"infusion",90
"1879","B474","sucrose","female","ivsa",10,"active",183
"1880","B474","sucrose","female","ivsa",10,"inactive",5
"1881","B474","sucrose","female","ivsa",10,"infusion",90
"1882","B475","sucrose","female","ivsa",1,"active",86
"1883","B475","sucrose","female","ivsa",1,"inactive",25
"1884","B475","sucrose","female","ivsa",1,"infusion",64
"1885","B475","sucrose","female","ivsa",2,"active",146
"1886","B475","sucrose","female","ivsa",2,"inactive",36
"1887","B475","sucrose","female","ivsa",2,"infusion",88
"1888","B475","sucrose","female","ivsa",3,"active",105
"1889","B475","sucrose","female","ivsa",3,"inactive",30
"1890","B475","sucrose","female","ivsa",3,"infusion",73
"1891","B475","sucrose","female","ivsa",4,"active",86
"1892","B475","sucrose","female","ivsa",4,"inactive",8
"1893","B475","sucrose","female","ivsa",4,"infusion",64
"1894","B475","sucrose","female","ivsa",5,"active",137
"1895","B475","sucrose","female","ivsa",5,"inactive",25
"1896","B475","sucrose","female","ivsa",5,"infusion",76
"1897","B475","sucrose","female","ivsa",6,"active",116
"1898","B475","sucrose","female","ivsa",6,"inactive",24
"1899","B475","sucrose","female","ivsa",6,"infusion",75
"1900","B475","sucrose","female","ivsa",7,"active",127
"1901","B475","sucrose","female","ivsa",7,"inactive",3
"1902","B475","sucrose","female","ivsa",7,"infusion",70
"1903","B475","sucrose","female","ivsa",8,"active",139
"1904","B475","sucrose","female","ivsa",8,"inactive",3
"1905","B475","sucrose","female","ivsa",8,"infusion",74
"1906","B475","sucrose","female","ivsa",9,"active",154
"1907","B475","sucrose","female","ivsa",9,"inactive",3
"1908","B475","sucrose","female","ivsa",9,"infusion",88
"1909","B475","sucrose","female","ivsa",10,"active",146
"1910","B475","sucrose","female","ivsa",10,"inactive",2
"1911","B475","sucrose","female","ivsa",10,"infusion",85
"1912","B476","sucrose","female","ivsa",1,"active",40
"1913","B476","sucrose","female","ivsa",1,"inactive",38
"1914","B476","sucrose","female","ivsa",1,"infusion",29
"1915","B476","sucrose","female","ivsa",2,"active",123
"1916","B476","sucrose","female","ivsa",2,"inactive",16
"1917","B476","sucrose","female","ivsa",2,"infusion",86
"1918","B476","sucrose","female","ivsa",3,"active",145
"1919","B476","sucrose","female","ivsa",3,"inactive",33
"1920","B476","sucrose","female","ivsa",3,"infusion",90
"1921","B476","sucrose","female","ivsa",4,"active",148
"1922","B476","sucrose","female","ivsa",4,"inactive",6
"1923","B476","sucrose","female","ivsa",4,"infusion",88
"1924","B476","sucrose","female","ivsa",5,"active",118
"1925","B476","sucrose","female","ivsa",5,"inactive",8
"1926","B476","sucrose","female","ivsa",5,"infusion",90
"1927","B476","sucrose","female","ivsa",6,"active",80
"1928","B476","sucrose","female","ivsa",6,"inactive",14
"1929","B476","sucrose","female","ivsa",6,"infusion",64
"1930","B476","sucrose","female","ivsa",7,"active",64
"1931","B476","sucrose","female","ivsa",7,"inactive",19
"1932","B476","sucrose","female","ivsa",7,"infusion",96
"1933","B476","sucrose","female","ivsa",8,"active",107
"1934","B476","sucrose","female","ivsa",8,"inactive",9
"1935","B476","sucrose","female","ivsa",8,"infusion",71
"1936","B476","sucrose","female","ivsa",9,"active",136
"1937","B476","sucrose","female","ivsa",9,"inactive",0
"1938","B476","sucrose","female","ivsa",9,"infusion",90
"1939","B476","sucrose","female","ivsa",10,"active",130
"1940","B476","sucrose","female","ivsa",10,"inactive",14
"1941","B476","sucrose","female","ivsa",10,"infusion",84
"1942","B478","sucrose","female","ivsa",1,"active",136
"1943","B478","sucrose","female","ivsa",1,"inactive",82
"1944","B478","sucrose","female","ivsa",1,"infusion",69
"1945","B478","sucrose","female","ivsa",2,"active",179
"1946","B478","sucrose","female","ivsa",2,"inactive",300
"1947","B478","sucrose","female","ivsa",2,"infusion",90
"1948","B478","sucrose","female","ivsa",3,"active",158
"1949","B478","sucrose","female","ivsa",3,"inactive",118
"1950","B478","sucrose","female","ivsa",3,"infusion",90
"1951","B478","sucrose","female","ivsa",4,"active",137
"1952","B478","sucrose","female","ivsa",4,"inactive",59
"1953","B478","sucrose","female","ivsa",4,"infusion",90
"1954","B478","sucrose","female","ivsa",5,"active",162
"1955","B478","sucrose","female","ivsa",5,"inactive",125
"1956","B478","sucrose","female","ivsa",5,"infusion",90
"1957","B478","sucrose","female","ivsa",6,"active",128
"1958","B478","sucrose","female","ivsa",6,"inactive",119
"1959","B478","sucrose","female","ivsa",6,"infusion",72
"1960","B478","sucrose","female","ivsa",7,"active",138
"1961","B478","sucrose","female","ivsa",7,"inactive",98
"1962","B478","sucrose","female","ivsa",7,"infusion",72
"1963","B478","sucrose","female","ivsa",8,"active",225
"1964","B478","sucrose","female","ivsa",8,"inactive",183
"1965","B478","sucrose","female","ivsa",8,"infusion",90
"1966","B478","sucrose","female","ivsa",9,"active",190
"1967","B478","sucrose","female","ivsa",9,"inactive",46
"1968","B478","sucrose","female","ivsa",9,"infusion",90
"1969","B478","sucrose","female","ivsa",10,"active",221
"1970","B478","sucrose","female","ivsa",10,"inactive",11
"1971","B478","sucrose","female","ivsa",10,"infusion",87
"1972","G116","sucrose","female","ivsa",1,"active",20
"1973","G116","sucrose","female","ivsa",1,"inactive",12
"1974","G116","sucrose","female","ivsa",1,"infusion",10
"1975","G116","sucrose","female","ivsa",2,"active",76
"1976","G116","sucrose","female","ivsa",2,"inactive",15
"1977","G116","sucrose","female","ivsa",2,"infusion",54
"1978","G116","sucrose","female","ivsa",3,"active",105
"1979","G116","sucrose","female","ivsa",3,"inactive",18
"1980","G116","sucrose","female","ivsa",3,"infusion",53
"1981","G116","sucrose","female","ivsa",4,"active",116
"1982","G116","sucrose","female","ivsa",4,"inactive",5
"1983","G116","sucrose","female","ivsa",4,"infusion",55
"1984","G116","sucrose","female","ivsa",5,"active",109
"1985","G116","sucrose","female","ivsa",5,"inactive",3
"1986","G116","sucrose","female","ivsa",5,"infusion",59
"1987","G116","sucrose","female","ivsa",6,"active",114
"1988","G116","sucrose","female","ivsa",6,"inactive",0
"1989","G116","sucrose","female","ivsa",6,"infusion",90
"1990","G116","sucrose","female","ivsa",7,"active",171
"1991","G116","sucrose","female","ivsa",7,"inactive",6
"1992","G116","sucrose","female","ivsa",7,"infusion",79
"1993","G116","sucrose","female","ivsa",8,"active",132
"1994","G116","sucrose","female","ivsa",8,"inactive",4
"1995","G116","sucrose","female","ivsa",8,"infusion",62
"1996","G116","sucrose","female","ivsa",9,"active",109
"1997","G116","sucrose","female","ivsa",9,"inactive",2
"1998","G116","sucrose","female","ivsa",9,"infusion",54
"1999","G116","sucrose","female","ivsa",10,"active",95
"2000","G116","sucrose","female","ivsa",10,"inactive",5
"2001","G116","sucrose","female","ivsa",10,"infusion",56
"2002","G117","sucrose","female","ivsa",1,"active",2
"2003","G117","sucrose","female","ivsa",1,"inactive",1
"2004","G117","sucrose","female","ivsa",1,"infusion",2
"2005","G117","sucrose","female","ivsa",2,"active",3
"2006","G117","sucrose","female","ivsa",2,"inactive",4
"2007","G117","sucrose","female","ivsa",2,"infusion",3
"2008","G117","sucrose","female","ivsa",3,"active",120
"2009","G117","sucrose","female","ivsa",3,"inactive",23
"2010","G117","sucrose","female","ivsa",3,"infusion",60
"2011","G117","sucrose","female","ivsa",4,"active",191
"2012","G117","sucrose","female","ivsa",4,"inactive",8
"2013","G117","sucrose","female","ivsa",4,"infusion",90
"2014","G117","sucrose","female","ivsa",5,"active",220
"2015","G117","sucrose","female","ivsa",5,"inactive",23
"2016","G117","sucrose","female","ivsa",5,"infusion",90
"2017","G117","sucrose","female","ivsa",6,"active",201
"2018","G117","sucrose","female","ivsa",6,"inactive",13
"2019","G117","sucrose","female","ivsa",6,"infusion",90
"2020","G117","sucrose","female","ivsa",7,"active",221
"2021","G117","sucrose","female","ivsa",7,"inactive",11
"2022","G117","sucrose","female","ivsa",7,"infusion",90
"2023","G117","sucrose","female","ivsa",8,"active",227
"2024","G117","sucrose","female","ivsa",8,"inactive",8
"2025","G117","sucrose","female","ivsa",8,"infusion",90
"2026","G117","sucrose","female","ivsa",9,"active",206
"2027","G117","sucrose","female","ivsa",9,"inactive",10
"2028","G117","sucrose","female","ivsa",9,"infusion",90
"2029","G117","sucrose","female","ivsa",10,"active",183
"2030","G117","sucrose","female","ivsa",10,"inactive",2
"2031","G117","sucrose","female","ivsa",10,"infusion",90
"2032","G118","sucrose","female","ivsa",1,"active",76
"2033","G118","sucrose","female","ivsa",1,"inactive",51
"2034","G118","sucrose","female","ivsa",1,"infusion",49
"2035","G118","sucrose","female","ivsa",2,"active",188
"2036","G118","sucrose","female","ivsa",2,"inactive",27
"2037","G118","sucrose","female","ivsa",2,"infusion",90
"2038","G118","sucrose","female","ivsa",3,"active",171
"2039","G118","sucrose","female","ivsa",3,"inactive",19
"2040","G118","sucrose","female","ivsa",3,"infusion",90
"2041","G118","sucrose","female","ivsa",4,"active",188
"2042","G118","sucrose","female","ivsa",4,"inactive",11
"2043","G118","sucrose","female","ivsa",4,"infusion",90
"2044","G118","sucrose","female","ivsa",5,"active",199
"2045","G118","sucrose","female","ivsa",5,"inactive",7
"2046","G118","sucrose","female","ivsa",5,"infusion",90
"2047","G118","sucrose","female","ivsa",6,"active",208
"2048","G118","sucrose","female","ivsa",6,"inactive",22
"2049","G118","sucrose","female","ivsa",6,"infusion",90
"2050","G118","sucrose","female","ivsa",7,"active",176
"2051","G118","sucrose","female","ivsa",7,"inactive",13
"2052","G118","sucrose","female","ivsa",7,"infusion",90
"2053","G118","sucrose","female","ivsa",8,"active",167
"2054","G118","sucrose","female","ivsa",8,"inactive",5
"2055","G118","sucrose","female","ivsa",8,"infusion",90
"2056","G118","sucrose","female","ivsa",9,"active",154
"2057","G118","sucrose","female","ivsa",9,"inactive",10
"2058","G118","sucrose","female","ivsa",9,"infusion",90
"2059","G118","sucrose","female","ivsa",10,"active",129
"2060","G118","sucrose","female","ivsa",10,"inactive",3
"2061","G118","sucrose","female","ivsa",10,"infusion",80
"2062","G119","sucrose","female","ivsa",1,"active",17
"2063","G119","sucrose","female","ivsa",1,"inactive",7
"2064","G119","sucrose","female","ivsa",1,"infusion",12
"2065","G119","sucrose","female","ivsa",2,"active",172
"2066","G119","sucrose","female","ivsa",2,"inactive",32
"2067","G119","sucrose","female","ivsa",2,"infusion",85
"2068","G119","sucrose","female","ivsa",3,"active",217
"2069","G119","sucrose","female","ivsa",3,"inactive",33
"2070","G119","sucrose","female","ivsa",3,"infusion",90
"2071","G119","sucrose","female","ivsa",4,"active",182
"2072","G119","sucrose","female","ivsa",4,"inactive",30
"2073","G119","sucrose","female","ivsa",4,"infusion",90
"2074","G119","sucrose","female","ivsa",5,"active",179
"2075","G119","sucrose","female","ivsa",5,"inactive",5
"2076","G119","sucrose","female","ivsa",5,"infusion",90
"2077","G119","sucrose","female","ivsa",6,"active",165
"2078","G119","sucrose","female","ivsa",6,"inactive",21
"2079","G119","sucrose","female","ivsa",6,"infusion",90
"2080","G119","sucrose","female","ivsa",7,"active",166
"2081","G119","sucrose","female","ivsa",7,"inactive",3
"2082","G119","sucrose","female","ivsa",7,"infusion",90
"2083","G119","sucrose","female","ivsa",8,"active",171
"2084","G119","sucrose","female","ivsa",8,"inactive",2
"2085","G119","sucrose","female","ivsa",8,"infusion",90
"2086","G119","sucrose","female","ivsa",9,"active",139
"2087","G119","sucrose","female","ivsa",9,"inactive",1
"2088","G119","sucrose","female","ivsa",9,"infusion",90
"2089","G119","sucrose","female","ivsa",10,"active",155
"2090","G119","sucrose","female","ivsa",10,"inactive",4
"2091","G119","sucrose","female","ivsa",10,"infusion",90
"2092","G120","sucrose","female","ivsa",1,"active",86
"2093","G120","sucrose","female","ivsa",1,"inactive",39
"2094","G120","sucrose","female","ivsa",1,"infusion",64
"2095","G120","sucrose","female","ivsa",2,"active",153
"2096","G120","sucrose","female","ivsa",2,"inactive",53
"2097","G120","sucrose","female","ivsa",2,"infusion",90
"2098","G120","sucrose","female","ivsa",3,"active",151
"2099","G120","sucrose","female","ivsa",3,"inactive",24
"2100","G120","sucrose","female","ivsa",3,"infusion",90
"2101","G120","sucrose","female","ivsa",4,"active",163
"2102","G120","sucrose","female","ivsa",4,"inactive",19
"2103","G120","sucrose","female","ivsa",4,"infusion",90
"2104","G120","sucrose","female","ivsa",5,"active",190
"2105","G120","sucrose","female","ivsa",5,"inactive",29
"2106","G120","sucrose","female","ivsa",5,"infusion",90
"2107","G120","sucrose","female","ivsa",6,"active",253
"2108","G120","sucrose","female","ivsa",6,"inactive",12
"2109","G120","sucrose","female","ivsa",6,"infusion",90
"2110","G120","sucrose","female","ivsa",7,"active",226
"2111","G120","sucrose","female","ivsa",7,"inactive",15
"2112","G120","sucrose","female","ivsa",7,"infusion",90
"2113","G120","sucrose","female","ivsa",8,"active",200
"2114","G120","sucrose","female","ivsa",8,"inactive",17
"2115","G120","sucrose","female","ivsa",8,"infusion",90
"2116","G120","sucrose","female","ivsa",9,"active",213
"2117","G120","sucrose","female","ivsa",9,"inactive",12
"2118","G120","sucrose","female","ivsa",9,"infusion",90
"2119","G120","sucrose","female","ivsa",10,"active",200
"2120","G120","sucrose","female","ivsa",10,"inactive",10
"2121","G120","sucrose","female","ivsa",10,"infusion",90
"2122","G122","sucrose","female","ivsa",1,"active",20
"2123","G122","sucrose","female","ivsa",1,"inactive",15
"2124","G122","sucrose","female","ivsa",1,"infusion",17
"2125","G122","sucrose","female","ivsa",2,"active",103
"2126","G122","sucrose","female","ivsa",2,"inactive",18
"2127","G122","sucrose","female","ivsa",2,"infusion",60
"2128","G122","sucrose","female","ivsa",3,"active",136
"2129","G122","sucrose","female","ivsa",3,"inactive",26
"2130","G122","sucrose","female","ivsa",3,"infusion",76
"2131","G122","sucrose","female","ivsa",4,"active",162
"2132","G122","sucrose","female","ivsa",4,"inactive",15
"2133","G122","sucrose","female","ivsa",4,"infusion",90
"2134","G122","sucrose","female","ivsa",5,"active",189
"2135","G122","sucrose","female","ivsa",5,"inactive",18
"2136","G122","sucrose","female","ivsa",5,"infusion",90
"2137","G122","sucrose","female","ivsa",6,"active",168
"2138","G122","sucrose","female","ivsa",6,"inactive",17
"2139","G122","sucrose","female","ivsa",6,"infusion",90
"2140","G122","sucrose","female","ivsa",7,"active",118
"2141","G122","sucrose","female","ivsa",7,"inactive",23
"2142","G122","sucrose","female","ivsa",7,"infusion",90
"2143","G122","sucrose","female","ivsa",8,"active",155
"2144","G122","sucrose","female","ivsa",8,"inactive",0
"2145","G122","sucrose","female","ivsa",8,"infusion",90
"2146","G122","sucrose","female","ivsa",9,"active",115
"2147","G122","sucrose","female","ivsa",9,"inactive",4
"2148","G122","sucrose","female","ivsa",9,"infusion",76
"2149","G122","sucrose","female","ivsa",10,"active",161
"2150","G122","sucrose","female","ivsa",10,"inactive",12
"2151","G122","sucrose","female","ivsa",10,"infusion",90
"2152","G124","sucrose","female","ivsa",1,"active",125
"2153","G124","sucrose","female","ivsa",1,"inactive",22
"2154","G124","sucrose","female","ivsa",1,"infusion",76
"2155","G124","sucrose","female","ivsa",2,"active",129
"2156","G124","sucrose","female","ivsa",2,"inactive",24
"2157","G124","sucrose","female","ivsa",2,"infusion",84
"2158","G124","sucrose","female","ivsa",3,"active",133
"2159","G124","sucrose","female","ivsa",3,"inactive",8
"2160","G124","sucrose","female","ivsa",3,"infusion",90
"2161","G124","sucrose","female","ivsa",4,"active",142
"2162","G124","sucrose","female","ivsa",4,"inactive",7
"2163","G124","sucrose","female","ivsa",4,"infusion",90
"2164","G124","sucrose","female","ivsa",5,"active",150
"2165","G124","sucrose","female","ivsa",5,"inactive",17
"2166","G124","sucrose","female","ivsa",5,"infusion",90
"2167","G124","sucrose","female","ivsa",6,"active",133
"2168","G124","sucrose","female","ivsa",6,"inactive",8
"2169","G124","sucrose","female","ivsa",6,"infusion",90
"2170","G124","sucrose","female","ivsa",7,"active",143
"2171","G124","sucrose","female","ivsa",7,"inactive",4
"2172","G124","sucrose","female","ivsa",7,"infusion",90
"2173","G124","sucrose","female","ivsa",8,"active",169
"2174","G124","sucrose","female","ivsa",8,"inactive",6
"2175","G124","sucrose","female","ivsa",8,"infusion",90
"2176","G124","sucrose","female","ivsa",9,"active",139
"2177","G124","sucrose","female","ivsa",9,"inactive",3
"2178","G124","sucrose","female","ivsa",9,"infusion",90
"2179","G124","sucrose","female","ivsa",10,"active",160
"2180","G124","sucrose","female","ivsa",10,"inactive",6
"2181","G124","sucrose","female","ivsa",10,"infusion",90
"2182","G126","sucrose","female","ivsa",1,"active",51
"2183","G126","sucrose","female","ivsa",1,"inactive",25
"2184","G126","sucrose","female","ivsa",1,"infusion",39
"2185","G126","sucrose","female","ivsa",2,"active",180
"2186","G126","sucrose","female","ivsa",2,"inactive",31
"2187","G126","sucrose","female","ivsa",2,"infusion",90
"2188","G126","sucrose","female","ivsa",3,"active",156
"2189","G126","sucrose","female","ivsa",3,"inactive",19
"2190","G126","sucrose","female","ivsa",3,"infusion",90
"2191","G126","sucrose","female","ivsa",4,"active",127
"2192","G126","sucrose","female","ivsa",4,"inactive",18
"2193","G126","sucrose","female","ivsa",4,"infusion",78
"2194","G126","sucrose","female","ivsa",5,"active",170
"2195","G126","sucrose","female","ivsa",5,"inactive",12
"2196","G126","sucrose","female","ivsa",5,"infusion",90
"2197","G126","sucrose","female","ivsa",6,"active",80
"2198","G126","sucrose","female","ivsa",6,"inactive",9
"2199","G126","sucrose","female","ivsa",6,"infusion",41
"2200","G126","sucrose","female","ivsa",7,"active",114
"2201","G126","sucrose","female","ivsa",7,"inactive",4
"2202","G126","sucrose","female","ivsa",7,"infusion",67
"2203","G126","sucrose","female","ivsa",8,"active",134
"2204","G126","sucrose","female","ivsa",8,"inactive",13
"2205","G126","sucrose","female","ivsa",8,"infusion",80
"2206","G126","sucrose","female","ivsa",9,"active",206
"2207","G126","sucrose","female","ivsa",9,"inactive",19
"2208","G126","sucrose","female","ivsa",9,"infusion",90
"2209","G126","sucrose","female","ivsa",10,"active",187
"2210","G126","sucrose","female","ivsa",10,"inactive",12
"2211","G126","sucrose","female","ivsa",10,"infusion",85
"2212","G127","sucrose","female","ivsa",1,"active",5
"2213","G127","sucrose","female","ivsa",1,"inactive",1
"2214","G127","sucrose","female","ivsa",1,"infusion",5
"2215","G127","sucrose","female","ivsa",2,"active",101
"2216","G127","sucrose","female","ivsa",2,"inactive",11
"2217","G127","sucrose","female","ivsa",2,"infusion",71
"2218","G127","sucrose","female","ivsa",3,"active",129
"2219","G127","sucrose","female","ivsa",3,"inactive",10
"2220","G127","sucrose","female","ivsa",3,"infusion",74
"2221","G127","sucrose","female","ivsa",4,"active",150
"2222","G127","sucrose","female","ivsa",4,"inactive",7
"2223","G127","sucrose","female","ivsa",4,"infusion",75
"2224","G127","sucrose","female","ivsa",5,"active",226
"2225","G127","sucrose","female","ivsa",5,"inactive",8
"2226","G127","sucrose","female","ivsa",5,"infusion",90
"2227","G127","sucrose","female","ivsa",6,"active",125
"2228","G127","sucrose","female","ivsa",6,"inactive",12
"2229","G127","sucrose","female","ivsa",6,"infusion",52
"2230","G127","sucrose","female","ivsa",7,"active",153
"2231","G127","sucrose","female","ivsa",7,"inactive",11
"2232","G127","sucrose","female","ivsa",7,"infusion",81
"2233","G127","sucrose","female","ivsa",8,"active",91
"2234","G127","sucrose","female","ivsa",8,"inactive",8
"2235","G127","sucrose","female","ivsa",8,"infusion",60
"2236","G127","sucrose","female","ivsa",9,"active",192
"2237","G127","sucrose","female","ivsa",9,"inactive",23
"2238","G127","sucrose","female","ivsa",9,"infusion",70
"2239","G127","sucrose","female","ivsa",10,"active",118
"2240","G127","sucrose","female","ivsa",10,"inactive",6
"2241","G127","sucrose","female","ivsa",10,"infusion",68
"2242","G163","sucrose","female","ivsa",1,"active",38
"2243","G163","sucrose","female","ivsa",1,"inactive",30
"2244","G163","sucrose","female","ivsa",1,"infusion",29
"2245","G163","sucrose","female","ivsa",2,"active",111
"2246","G163","sucrose","female","ivsa",2,"inactive",37
"2247","G163","sucrose","female","ivsa",2,"infusion",68
"2248","G163","sucrose","female","ivsa",3,"active",161
"2249","G163","sucrose","female","ivsa",3,"inactive",65
"2250","G163","sucrose","female","ivsa",3,"infusion",90
"2251","G163","sucrose","female","ivsa",4,"active",166
"2252","G163","sucrose","female","ivsa",4,"inactive",21
"2253","G163","sucrose","female","ivsa",4,"infusion",90
"2254","G163","sucrose","female","ivsa",5,"active",153
"2255","G163","sucrose","female","ivsa",5,"inactive",41
"2256","G163","sucrose","female","ivsa",5,"infusion",90
"2257","G163","sucrose","female","ivsa",6,"active",205
"2258","G163","sucrose","female","ivsa",6,"inactive",31
"2259","G163","sucrose","female","ivsa",6,"infusion",90
"2260","G163","sucrose","female","ivsa",7,"active",128
"2261","G163","sucrose","female","ivsa",7,"inactive",12
"2262","G163","sucrose","female","ivsa",7,"infusion",90
"2263","G163","sucrose","female","ivsa",8,"active",119
"2264","G163","sucrose","female","ivsa",8,"inactive",16
"2265","G163","sucrose","female","ivsa",8,"infusion",71
"2266","G163","sucrose","female","ivsa",9,"active",152
"2267","G163","sucrose","female","ivsa",9,"inactive",14
"2268","G163","sucrose","female","ivsa",9,"infusion",90
"2269","G163","sucrose","female","ivsa",10,"active",149
"2270","G163","sucrose","female","ivsa",10,"inactive",6
"2271","G163","sucrose","female","ivsa",10,"infusion",90
"2272","G164","sucrose","female","ivsa",1,"active",72
"2273","G164","sucrose","female","ivsa",1,"inactive",36
"2274","G164","sucrose","female","ivsa",1,"infusion",51
"2275","G164","sucrose","female","ivsa",2,"active",96
"2276","G164","sucrose","female","ivsa",2,"inactive",75
"2277","G164","sucrose","female","ivsa",2,"infusion",59
"2278","G164","sucrose","female","ivsa",3,"active",149
"2279","G164","sucrose","female","ivsa",3,"inactive",27
"2280","G164","sucrose","female","ivsa",3,"infusion",86
"2281","G164","sucrose","female","ivsa",4,"active",144
"2282","G164","sucrose","female","ivsa",4,"inactive",39
"2283","G164","sucrose","female","ivsa",4,"infusion",76
"2284","G164","sucrose","female","ivsa",5,"active",135
"2285","G164","sucrose","female","ivsa",5,"inactive",11
"2286","G164","sucrose","female","ivsa",5,"infusion",86
"2287","G164","sucrose","female","ivsa",6,"active",108
"2288","G164","sucrose","female","ivsa",6,"inactive",7
"2289","G164","sucrose","female","ivsa",6,"infusion",62
"2290","G164","sucrose","female","ivsa",7,"active",132
"2291","G164","sucrose","female","ivsa",7,"inactive",7
"2292","G164","sucrose","female","ivsa",7,"infusion",90
"2293","G164","sucrose","female","ivsa",8,"active",136
"2294","G164","sucrose","female","ivsa",8,"inactive",6
"2295","G164","sucrose","female","ivsa",8,"infusion",90
"2296","G164","sucrose","female","ivsa",9,"active",109
"2297","G164","sucrose","female","ivsa",9,"inactive",4
"2298","G164","sucrose","female","ivsa",9,"infusion",79
"2299","G164","sucrose","female","ivsa",10,"active",139
"2300","G164","sucrose","female","ivsa",10,"inactive",5
"2301","G164","sucrose","female","ivsa",10,"infusion",88
"2302","G165","sucrose","female","ivsa",1,"active",71
"2303","G165","sucrose","female","ivsa",1,"inactive",15
"2304","G165","sucrose","female","ivsa",1,"infusion",46
"2305","G165","sucrose","female","ivsa",2,"active",141
"2306","G165","sucrose","female","ivsa",2,"inactive",6
"2307","G165","sucrose","female","ivsa",2,"infusion",84
"2308","G165","sucrose","female","ivsa",3,"active",114
"2309","G165","sucrose","female","ivsa",3,"inactive",2
"2310","G165","sucrose","female","ivsa",3,"infusion",77
"2311","G165","sucrose","female","ivsa",4,"active",116
"2312","G165","sucrose","female","ivsa",4,"inactive",36
"2313","G165","sucrose","female","ivsa",4,"infusion",72
"2314","G165","sucrose","female","ivsa",5,"active",187
"2315","G165","sucrose","female","ivsa",5,"inactive",33
"2316","G165","sucrose","female","ivsa",5,"infusion",90
"2317","G165","sucrose","female","ivsa",6,"active",98
"2318","G165","sucrose","female","ivsa",6,"inactive",11
"2319","G165","sucrose","female","ivsa",6,"infusion",61
"2320","G165","sucrose","female","ivsa",7,"active",124
"2321","G165","sucrose","female","ivsa",7,"inactive",13
"2322","G165","sucrose","female","ivsa",7,"infusion",78
"2323","G165","sucrose","female","ivsa",8,"active",126
"2324","G165","sucrose","female","ivsa",8,"inactive",5
"2325","G165","sucrose","female","ivsa",8,"infusion",70
"2326","G165","sucrose","female","ivsa",9,"active",162
"2327","G165","sucrose","female","ivsa",9,"inactive",7
"2328","G165","sucrose","female","ivsa",9,"infusion",87
"2329","G165","sucrose","female","ivsa",10,"active",146
"2330","G165","sucrose","female","ivsa",10,"inactive",12
"2331","G165","sucrose","female","ivsa",10,"infusion",90
"2332","G166","sucrose","female","ivsa",1,"active",31
"2333","G166","sucrose","female","ivsa",1,"inactive",10
"2334","G166","sucrose","female","ivsa",1,"infusion",22
"2335","G166","sucrose","female","ivsa",2,"active",123
"2336","G166","sucrose","female","ivsa",2,"inactive",36
"2337","G166","sucrose","female","ivsa",2,"infusion",72
"2338","G166","sucrose","female","ivsa",3,"active",183
"2339","G166","sucrose","female","ivsa",3,"inactive",103
"2340","G166","sucrose","female","ivsa",3,"infusion",90
"2341","G166","sucrose","female","ivsa",4,"active",202
"2342","G166","sucrose","female","ivsa",4,"inactive",47
"2343","G166","sucrose","female","ivsa",4,"infusion",90
"2344","G166","sucrose","female","ivsa",5,"active",170
"2345","G166","sucrose","female","ivsa",5,"inactive",289
"2346","G166","sucrose","female","ivsa",5,"infusion",90
"2347","G166","sucrose","female","ivsa",6,"active",243
"2348","G166","sucrose","female","ivsa",6,"inactive",107
"2349","G166","sucrose","female","ivsa",6,"infusion",90
"2350","G166","sucrose","female","ivsa",7,"active",127
"2351","G166","sucrose","female","ivsa",7,"inactive",6
"2352","G166","sucrose","female","ivsa",7,"infusion",90
"2353","G166","sucrose","female","ivsa",8,"active",180
"2354","G166","sucrose","female","ivsa",8,"inactive",66
"2355","G166","sucrose","female","ivsa",8,"infusion",90
"2356","G166","sucrose","female","ivsa",9,"active",130
"2357","G166","sucrose","female","ivsa",9,"inactive",6
"2358","G166","sucrose","female","ivsa",9,"infusion",90
"2359","G166","sucrose","female","ivsa",10,"active",234
"2360","G166","sucrose","female","ivsa",10,"inactive",39
"2361","G166","sucrose","female","ivsa",10,"infusion",90
"2362","G174","sucrose","female","ivsa",1,"active",17
"2363","G174","sucrose","female","ivsa",1,"inactive",19
"2364","G174","sucrose","female","ivsa",1,"infusion",12
"2365","G174","sucrose","female","ivsa",2,"active",96
"2366","G174","sucrose","female","ivsa",2,"inactive",5
"2367","G174","sucrose","female","ivsa",2,"infusion",60
"2368","G174","sucrose","female","ivsa",3,"active",168
"2369","G174","sucrose","female","ivsa",3,"inactive",14
"2370","G174","sucrose","female","ivsa",3,"infusion",90
"2371","G174","sucrose","female","ivsa",4,"active",220
"2372","G174","sucrose","female","ivsa",4,"inactive",10
"2373","G174","sucrose","female","ivsa",4,"infusion",90
"2374","G174","sucrose","female","ivsa",5,"active",216
"2375","G174","sucrose","female","ivsa",5,"inactive",4
"2376","G174","sucrose","female","ivsa",5,"infusion",90
"2377","G174","sucrose","female","ivsa",6,"active",134
"2378","G174","sucrose","female","ivsa",6,"inactive",0
"2379","G174","sucrose","female","ivsa",6,"infusion",90
"2380","G174","sucrose","female","ivsa",7,"active",109
"2381","G174","sucrose","female","ivsa",7,"inactive",1
"2382","G174","sucrose","female","ivsa",7,"infusion",90
"2383","G174","sucrose","female","ivsa",8,"active",182
"2384","G174","sucrose","female","ivsa",8,"inactive",0
"2385","G174","sucrose","female","ivsa",8,"infusion",90
"2386","G174","sucrose","female","ivsa",9,"active",161
"2387","G174","sucrose","female","ivsa",9,"inactive",0
"2388","G174","sucrose","female","ivsa",9,"infusion",90
"2389","G174","sucrose","female","ivsa",10,"active",147
"2390","G174","sucrose","female","ivsa",10,"inactive",1
"2391","G174","sucrose","female","ivsa",10,"infusion",90
"2392","G175","sucrose","female","ivsa",1,"active",2
"2393","G175","sucrose","female","ivsa",1,"inactive",7
"2394","G175","sucrose","female","ivsa",1,"infusion",2
"2395","G175","sucrose","female","ivsa",2,"active",32
"2396","G175","sucrose","female","ivsa",2,"inactive",5
"2397","G175","sucrose","female","ivsa",2,"infusion",23
"2398","G175","sucrose","female","ivsa",3,"active",150
"2399","G175","sucrose","female","ivsa",3,"inactive",3
"2400","G175","sucrose","female","ivsa",3,"infusion",88
"2401","G175","sucrose","female","ivsa",4,"active",154
"2402","G175","sucrose","female","ivsa",4,"inactive",3
"2403","G175","sucrose","female","ivsa",4,"infusion",90
"2404","G175","sucrose","female","ivsa",5,"active",157
"2405","G175","sucrose","female","ivsa",5,"inactive",1
"2406","G175","sucrose","female","ivsa",5,"infusion",90
"2407","G175","sucrose","female","ivsa",6,"active",176
"2408","G175","sucrose","female","ivsa",6,"inactive",6
"2409","G175","sucrose","female","ivsa",6,"infusion",87
"2410","G175","sucrose","female","ivsa",7,"active",152
"2411","G175","sucrose","female","ivsa",7,"inactive",1
"2412","G175","sucrose","female","ivsa",7,"infusion",88
"2413","G175","sucrose","female","ivsa",8,"active",160
"2414","G175","sucrose","female","ivsa",8,"inactive",3
"2415","G175","sucrose","female","ivsa",8,"infusion",90
"2416","G175","sucrose","female","ivsa",9,"active",171
"2417","G175","sucrose","female","ivsa",9,"inactive",0
"2418","G175","sucrose","female","ivsa",9,"infusion",90
"2419","G175","sucrose","female","ivsa",10,"active",206
"2420","G175","sucrose","female","ivsa",10,"inactive",2
"2421","G175","sucrose","female","ivsa",10,"infusion",90
"2422","G176","sucrose","female","ivsa",1,"active",134
"2423","G176","sucrose","female","ivsa",1,"inactive",39
"2424","G176","sucrose","female","ivsa",1,"infusion",70
"2425","G176","sucrose","female","ivsa",2,"active",135
"2426","G176","sucrose","female","ivsa",2,"inactive",30
"2427","G176","sucrose","female","ivsa",2,"infusion",86
"2428","G176","sucrose","female","ivsa",3,"active",269
"2429","G176","sucrose","female","ivsa",3,"inactive",49
"2430","G176","sucrose","female","ivsa",3,"infusion",90
"2431","G176","sucrose","female","ivsa",4,"active",221
"2432","G176","sucrose","female","ivsa",4,"inactive",14
"2433","G176","sucrose","female","ivsa",4,"infusion",90
"2434","G176","sucrose","female","ivsa",5,"active",263
"2435","G176","sucrose","female","ivsa",5,"inactive",16
"2436","G176","sucrose","female","ivsa",5,"infusion",90
"2437","G176","sucrose","female","ivsa",6,"active",190
"2438","G176","sucrose","female","ivsa",6,"inactive",11
"2439","G176","sucrose","female","ivsa",6,"infusion",90
"2440","G176","sucrose","female","ivsa",7,"active",241
"2441","G176","sucrose","female","ivsa",7,"inactive",16
"2442","G176","sucrose","female","ivsa",7,"infusion",90
"2443","G176","sucrose","female","ivsa",8,"active",184
"2444","G176","sucrose","female","ivsa",8,"inactive",7
"2445","G176","sucrose","female","ivsa",8,"infusion",90
"2446","G176","sucrose","female","ivsa",9,"active",289
"2447","G176","sucrose","female","ivsa",9,"inactive",18
"2448","G176","sucrose","female","ivsa",9,"infusion",90
"2449","G176","sucrose","female","ivsa",10,"active",212
"2450","G176","sucrose","female","ivsa",10,"inactive",17
"2451","G176","sucrose","female","ivsa",10,"infusion",90
"2452","G177","sucrose","female","ivsa",1,"active",0
"2453","G177","sucrose","female","ivsa",1,"inactive",8
"2454","G177","sucrose","female","ivsa",1,"infusion",0
"2455","G177","sucrose","female","ivsa",2,"active",209
"2456","G177","sucrose","female","ivsa",2,"inactive",25
"2457","G177","sucrose","female","ivsa",2,"infusion",75
"2458","G177","sucrose","female","ivsa",3,"active",230
"2459","G177","sucrose","female","ivsa",3,"inactive",38
"2460","G177","sucrose","female","ivsa",3,"infusion",90
"2461","G177","sucrose","female","ivsa",4,"active",236
"2462","G177","sucrose","female","ivsa",4,"inactive",28
"2463","G177","sucrose","female","ivsa",4,"infusion",90
"2464","G177","sucrose","female","ivsa",5,"active",298
"2465","G177","sucrose","female","ivsa",5,"inactive",37
"2466","G177","sucrose","female","ivsa",5,"infusion",90
"2467","G177","sucrose","female","ivsa",6,"active",268
"2468","G177","sucrose","female","ivsa",6,"inactive",26
"2469","G177","sucrose","female","ivsa",6,"infusion",90
"2470","G177","sucrose","female","ivsa",7,"active",216
"2471","G177","sucrose","female","ivsa",7,"inactive",26
"2472","G177","sucrose","female","ivsa",7,"infusion",90
"2473","G177","sucrose","female","ivsa",8,"active",185
"2474","G177","sucrose","female","ivsa",8,"inactive",18
"2475","G177","sucrose","female","ivsa",8,"infusion",90
"2476","G177","sucrose","female","ivsa",9,"active",265
"2477","G177","sucrose","female","ivsa",9,"inactive",15
"2478","G177","sucrose","female","ivsa",9,"infusion",90
"2479","G177","sucrose","female","ivsa",10,"active",297
"2480","G177","sucrose","female","ivsa",10,"inactive",16
"2481","G177","sucrose","female","ivsa",10,"infusion",90
"2482","G178","sucrose","female","ivsa",1,"active",149
"2483","G178","sucrose","female","ivsa",1,"inactive",45
"2484","G178","sucrose","female","ivsa",1,"infusion",90
"2485","G178","sucrose","female","ivsa",2,"active",200
"2486","G178","sucrose","female","ivsa",2,"inactive",32
"2487","G178","sucrose","female","ivsa",2,"infusion",90
"2488","G178","sucrose","female","ivsa",3,"active",169
"2489","G178","sucrose","female","ivsa",3,"inactive",29
"2490","G178","sucrose","female","ivsa",3,"infusion",90
"2491","G178","sucrose","female","ivsa",4,"active",146
"2492","G178","sucrose","female","ivsa",4,"inactive",10
"2493","G178","sucrose","female","ivsa",4,"infusion",68
"2494","G178","sucrose","female","ivsa",5,"active",214
"2495","G178","sucrose","female","ivsa",5,"inactive",21
"2496","G178","sucrose","female","ivsa",5,"infusion",90
"2497","G178","sucrose","female","ivsa",6,"active",179
"2498","G178","sucrose","female","ivsa",6,"inactive",15
"2499","G178","sucrose","female","ivsa",6,"infusion",79
"2500","G178","sucrose","female","ivsa",7,"active",158
"2501","G178","sucrose","female","ivsa",7,"inactive",26
"2502","G178","sucrose","female","ivsa",7,"infusion",87
"2503","G178","sucrose","female","ivsa",8,"active",185
"2504","G178","sucrose","female","ivsa",8,"inactive",18
"2505","G178","sucrose","female","ivsa",8,"infusion",90
"2506","G178","sucrose","female","ivsa",9,"active",144
"2507","G178","sucrose","female","ivsa",9,"inactive",10
"2508","G178","sucrose","female","ivsa",9,"infusion",90
"2509","G178","sucrose","female","ivsa",10,"active",128
"2510","G178","sucrose","female","ivsa",10,"inactive",5
"2511","G178","sucrose","female","ivsa",10,"infusion",90
"2512","T159","sucrose","female","ivsa",1,"active",143
"2513","T159","sucrose","female","ivsa",1,"inactive",110
"2514","T159","sucrose","female","ivsa",1,"infusion",83
"2515","T159","sucrose","female","ivsa",2,"active",166
"2516","T159","sucrose","female","ivsa",2,"inactive",58
"2517","T159","sucrose","female","ivsa",2,"infusion",90
"2518","T159","sucrose","female","ivsa",3,"active",164
"2519","T159","sucrose","female","ivsa",3,"inactive",68
"2520","T159","sucrose","female","ivsa",3,"infusion",90
"2521","T159","sucrose","female","ivsa",4,"active",170
"2522","T159","sucrose","female","ivsa",4,"inactive",51
"2523","T159","sucrose","female","ivsa",4,"infusion",90
"2524","T159","sucrose","female","ivsa",5,"active",207
"2525","T159","sucrose","female","ivsa",5,"inactive",89
"2526","T159","sucrose","female","ivsa",5,"infusion",89
"2527","T159","sucrose","female","ivsa",6,"active",215
"2528","T159","sucrose","female","ivsa",6,"inactive",79
"2529","T159","sucrose","female","ivsa",6,"infusion",90
"2530","T159","sucrose","female","ivsa",7,"active",206
"2531","T159","sucrose","female","ivsa",7,"inactive",43
"2532","T159","sucrose","female","ivsa",7,"infusion",90
"2533","T159","sucrose","female","ivsa",8,"active",159
"2534","T159","sucrose","female","ivsa",8,"inactive",40
"2535","T159","sucrose","female","ivsa",8,"infusion",90
"2536","T159","sucrose","female","ivsa",9,"active",191
"2537","T159","sucrose","female","ivsa",9,"inactive",20
"2538","T159","sucrose","female","ivsa",9,"infusion",90
"2539","T159","sucrose","female","ivsa",10,"active",152
"2540","T159","sucrose","female","ivsa",10,"inactive",10
"2541","T159","sucrose","female","ivsa",10,"infusion",90
"2542","T160","sucrose","female","ivsa",1,"active",162
"2543","T160","sucrose","female","ivsa",1,"inactive",77
"2544","T160","sucrose","female","ivsa",1,"infusion",85
"2545","T160","sucrose","female","ivsa",2,"active",209
"2546","T160","sucrose","female","ivsa",2,"inactive",43
"2547","T160","sucrose","female","ivsa",2,"infusion",90
"2548","T160","sucrose","female","ivsa",3,"active",254
"2549","T160","sucrose","female","ivsa",3,"inactive",40
"2550","T160","sucrose","female","ivsa",3,"infusion",90
"2551","T160","sucrose","female","ivsa",4,"active",252
"2552","T160","sucrose","female","ivsa",4,"inactive",11
"2553","T160","sucrose","female","ivsa",4,"infusion",90
"2554","T160","sucrose","female","ivsa",5,"active",276
"2555","T160","sucrose","female","ivsa",5,"inactive",46
"2556","T160","sucrose","female","ivsa",5,"infusion",90
"2557","T160","sucrose","female","ivsa",6,"active",255
"2558","T160","sucrose","female","ivsa",6,"inactive",41
"2559","T160","sucrose","female","ivsa",6,"infusion",90
"2560","T160","sucrose","female","ivsa",7,"active",302
"2561","T160","sucrose","female","ivsa",7,"inactive",56
"2562","T160","sucrose","female","ivsa",7,"infusion",90
"2563","T160","sucrose","female","ivsa",8,"active",283
"2564","T160","sucrose","female","ivsa",8,"inactive",43
"2565","T160","sucrose","female","ivsa",8,"infusion",90
"2566","T160","sucrose","female","ivsa",9,"active",273
"2567","T160","sucrose","female","ivsa",9,"inactive",40
"2568","T160","sucrose","female","ivsa",9,"infusion",90
"2569","T160","sucrose","female","ivsa",10,"active",228
"2570","T160","sucrose","female","ivsa",10,"inactive",43
"2571","T160","sucrose","female","ivsa",10,"infusion",90
"2572","361","sucrose","male","cue_reactivity",30,"active",113
"2573","361","sucrose","male","cue_reactivity",30,"inactive",20
"2574","361","sucrose","male","cue_reactivity",30,"infusion",45
"2575","361","sucrose","male","ivsa",1,"active",121
"2576","361","sucrose","male","ivsa",1,"active",8
"2577","361","sucrose","male","ivsa",1,"inactive",33
"2578","361","sucrose","male","ivsa",1,"inactive",6
"2579","361","sucrose","male","ivsa",1,"infusion",58
"2580","361","sucrose","male","ivsa",1,"infusion",5
"2581","361","sucrose","male","ivsa",2,"active",27
"2582","361","sucrose","male","ivsa",2,"active",49
"2583","361","sucrose","male","ivsa",2,"inactive",3
"2584","361","sucrose","male","ivsa",2,"inactive",11
"2585","361","sucrose","male","ivsa",2,"infusion",14
"2586","361","sucrose","male","ivsa",2,"infusion",22
"2587","361","sucrose","male","ivsa",3,"active",212
"2588","361","sucrose","male","ivsa",3,"active",155
"2589","361","sucrose","male","ivsa",3,"inactive",31
"2590","361","sucrose","male","ivsa",3,"inactive",8
"2591","361","sucrose","male","ivsa",3,"infusion",90
"2592","361","sucrose","male","ivsa",3,"infusion",80
"2593","361","sucrose","male","ivsa",4,"active",206
"2594","361","sucrose","male","ivsa",4,"active",55
"2595","361","sucrose","male","ivsa",4,"inactive",15
"2596","361","sucrose","male","ivsa",4,"inactive",8
"2597","361","sucrose","male","ivsa",4,"infusion",90
"2598","361","sucrose","male","ivsa",4,"infusion",78
"2599","361","sucrose","male","ivsa",5,"active",206
"2600","361","sucrose","male","ivsa",5,"active",61
"2601","361","sucrose","male","ivsa",5,"inactive",6
"2602","361","sucrose","male","ivsa",5,"inactive",9
"2603","361","sucrose","male","ivsa",5,"infusion",90
"2604","361","sucrose","male","ivsa",5,"infusion",33
"2605","361","sucrose","male","ivsa",6,"active",200
"2606","361","sucrose","male","ivsa",6,"active",53
"2607","361","sucrose","male","ivsa",6,"inactive",1
"2608","361","sucrose","male","ivsa",6,"inactive",5
"2609","361","sucrose","male","ivsa",6,"infusion",90
"2610","361","sucrose","male","ivsa",6,"infusion",42
"2611","361","sucrose","male","ivsa",7,"active",362
"2612","361","sucrose","male","ivsa",7,"active",67
"2613","361","sucrose","male","ivsa",7,"inactive",10
"2614","361","sucrose","male","ivsa",7,"inactive",0
"2615","361","sucrose","male","ivsa",7,"infusion",90
"2616","361","sucrose","male","ivsa",7,"infusion",41
"2617","361","sucrose","male","ivsa",8,"active",198
"2618","361","sucrose","male","ivsa",8,"active",80
"2619","361","sucrose","male","ivsa",8,"inactive",5
"2620","361","sucrose","male","ivsa",8,"inactive",5
"2621","361","sucrose","male","ivsa",8,"infusion",90
"2622","361","sucrose","male","ivsa",8,"infusion",54
"2623","361","sucrose","male","ivsa",9,"active",208
"2624","361","sucrose","male","ivsa",9,"active",72
"2625","361","sucrose","male","ivsa",9,"inactive",4
"2626","361","sucrose","male","ivsa",9,"inactive",7
"2627","361","sucrose","male","ivsa",9,"infusion",90
"2628","361","sucrose","male","ivsa",9,"infusion",58
"2629","361","sucrose","male","ivsa",10,"active",209
"2630","361","sucrose","male","ivsa",10,"active",104
"2631","361","sucrose","male","ivsa",10,"inactive",5
"2632","361","sucrose","male","ivsa",10,"inactive",7
"2633","361","sucrose","male","ivsa",10,"infusion",90
"2634","361","sucrose","male","ivsa",10,"infusion",62
"2635","363","sucrose","male","cue_reactivity",30,"active",99
"2636","363","sucrose","male","cue_reactivity",30,"inactive",9
"2637","363","sucrose","male","cue_reactivity",30,"infusion",53
"2638","363","sucrose","male","ivsa",1,"active",34
"2639","363","sucrose","male","ivsa",1,"inactive",50
"2640","363","sucrose","male","ivsa",1,"infusion",21
"2641","363","sucrose","male","ivsa",2,"active",60
"2642","363","sucrose","male","ivsa",2,"inactive",22
"2643","363","sucrose","male","ivsa",2,"infusion",35
"2644","363","sucrose","male","ivsa",3,"active",86
"2645","363","sucrose","male","ivsa",3,"inactive",16
"2646","363","sucrose","male","ivsa",3,"infusion",51
"2647","363","sucrose","male","ivsa",4,"active",69
"2648","363","sucrose","male","ivsa",4,"inactive",15
"2649","363","sucrose","male","ivsa",4,"infusion",45
"2650","363","sucrose","male","ivsa",5,"active",70
"2651","363","sucrose","male","ivsa",5,"inactive",7
"2652","363","sucrose","male","ivsa",5,"infusion",38
"2653","363","sucrose","male","ivsa",6,"active",70
"2654","363","sucrose","male","ivsa",6,"inactive",20
"2655","363","sucrose","male","ivsa",6,"infusion",46
"2656","363","sucrose","male","ivsa",7,"active",58
"2657","363","sucrose","male","ivsa",7,"inactive",10
"2658","363","sucrose","male","ivsa",7,"infusion",40
"2659","363","sucrose","male","ivsa",8,"active",29
"2660","363","sucrose","male","ivsa",8,"inactive",8
"2661","363","sucrose","male","ivsa",8,"infusion",23
"2662","363","sucrose","male","ivsa",9,"active",69
"2663","363","sucrose","male","ivsa",9,"inactive",7
"2664","363","sucrose","male","ivsa",9,"infusion",45
"2665","363","sucrose","male","ivsa",10,"active",85
"2666","363","sucrose","male","ivsa",10,"inactive",10
"2667","363","sucrose","male","ivsa",10,"infusion",55
"2668","364","sucrose","male","cue_reactivity",30,"active",87
"2669","364","sucrose","male","cue_reactivity",30,"inactive",25
"2670","364","sucrose","male","cue_reactivity",30,"infusion",48
"2671","364","sucrose","male","ivsa",1,"active",40
"2672","364","sucrose","male","ivsa",1,"inactive",19
"2673","364","sucrose","male","ivsa",1,"infusion",30
"2674","364","sucrose","male","ivsa",2,"active",138
"2675","364","sucrose","male","ivsa",2,"inactive",27
"2676","364","sucrose","male","ivsa",2,"infusion",70
"2677","364","sucrose","male","ivsa",3,"active",92
"2678","364","sucrose","male","ivsa",3,"inactive",30
"2679","364","sucrose","male","ivsa",3,"infusion",65
"2680","364","sucrose","male","ivsa",4,"active",167
"2681","364","sucrose","male","ivsa",4,"inactive",28
"2682","364","sucrose","male","ivsa",4,"infusion",87
"2683","364","sucrose","male","ivsa",5,"active",113
"2684","364","sucrose","male","ivsa",5,"inactive",31
"2685","364","sucrose","male","ivsa",5,"infusion",69
"2686","364","sucrose","male","ivsa",6,"active",92
"2687","364","sucrose","male","ivsa",6,"inactive",27
"2688","364","sucrose","male","ivsa",6,"infusion",62
"2689","364","sucrose","male","ivsa",7,"active",91
"2690","364","sucrose","male","ivsa",7,"inactive",24
"2691","364","sucrose","male","ivsa",7,"infusion",63
"2692","364","sucrose","male","ivsa",8,"active",58
"2693","364","sucrose","male","ivsa",8,"inactive",9
"2694","364","sucrose","male","ivsa",8,"infusion",43
"2695","364","sucrose","male","ivsa",9,"active",111
"2696","364","sucrose","male","ivsa",9,"inactive",17
"2697","364","sucrose","male","ivsa",9,"infusion",75
"2698","364","sucrose","male","ivsa",10,"active",73
"2699","364","sucrose","male","ivsa",10,"inactive",7
"2700","364","sucrose","male","ivsa",10,"infusion",49
"2701","365","sucrose","male","cue_reactivity",1,"active",47
"2702","365","sucrose","male","cue_reactivity",1,"inactive",16
"2703","365","sucrose","male","cue_reactivity",1,"infusion",36
"2704","365","sucrose","male","ivsa",1,"active",21
"2705","365","sucrose","male","ivsa",1,"inactive",6
"2706","365","sucrose","male","ivsa",1,"infusion",14
"2707","365","sucrose","male","ivsa",2,"active",91
"2708","365","sucrose","male","ivsa",2,"inactive",16
"2709","365","sucrose","male","ivsa",2,"infusion",49
"2710","365","sucrose","male","ivsa",3,"active",170
"2711","365","sucrose","male","ivsa",3,"inactive",36
"2712","365","sucrose","male","ivsa",3,"infusion",90
"2713","365","sucrose","male","ivsa",4,"active",102
"2714","365","sucrose","male","ivsa",4,"inactive",24
"2715","365","sucrose","male","ivsa",4,"infusion",63
"2716","365","sucrose","male","ivsa",5,"active",124
"2717","365","sucrose","male","ivsa",5,"inactive",11
"2718","365","sucrose","male","ivsa",5,"infusion",79
"2719","365","sucrose","male","ivsa",6,"active",82
"2720","365","sucrose","male","ivsa",6,"inactive",16
"2721","365","sucrose","male","ivsa",6,"infusion",65
"2722","365","sucrose","male","ivsa",7,"active",128
"2723","365","sucrose","male","ivsa",7,"inactive",38
"2724","365","sucrose","male","ivsa",7,"infusion",84
"2725","365","sucrose","male","ivsa",8,"active",119
"2726","365","sucrose","male","ivsa",8,"inactive",20
"2727","365","sucrose","male","ivsa",8,"infusion",76
"2728","365","sucrose","male","ivsa",9,"active",108
"2729","365","sucrose","male","ivsa",9,"inactive",22
"2730","365","sucrose","male","ivsa",9,"infusion",68
"2731","365","sucrose","male","ivsa",10,"active",99
"2732","365","sucrose","male","ivsa",10,"inactive",22
"2733","365","sucrose","male","ivsa",10,"infusion",75
"2734","366","sucrose","male","cue_reactivity",1,"active",55
"2735","366","sucrose","male","cue_reactivity",1,"inactive",18
"2736","366","sucrose","male","cue_reactivity",1,"infusion",33
"2737","366","sucrose","male","ivsa",1,"active",98
"2738","366","sucrose","male","ivsa",1,"inactive",11
"2739","366","sucrose","male","ivsa",1,"infusion",67
"2740","366","sucrose","male","ivsa",2,"active",102
"2741","366","sucrose","male","ivsa",2,"inactive",25
"2742","366","sucrose","male","ivsa",2,"infusion",55
"2743","366","sucrose","male","ivsa",3,"active",196
"2744","366","sucrose","male","ivsa",3,"inactive",19
"2745","366","sucrose","male","ivsa",3,"infusion",90
"2746","366","sucrose","male","ivsa",4,"active",115
"2747","366","sucrose","male","ivsa",4,"inactive",9
"2748","366","sucrose","male","ivsa",4,"infusion",77
"2749","366","sucrose","male","ivsa",5,"active",140
"2750","366","sucrose","male","ivsa",5,"inactive",14
"2751","366","sucrose","male","ivsa",5,"infusion",87
"2752","366","sucrose","male","ivsa",6,"active",118
"2753","366","sucrose","male","ivsa",6,"inactive",10
"2754","366","sucrose","male","ivsa",6,"infusion",75
"2755","366","sucrose","male","ivsa",7,"active",128
"2756","366","sucrose","male","ivsa",7,"inactive",6
"2757","366","sucrose","male","ivsa",7,"infusion",88
"2758","366","sucrose","male","ivsa",8,"active",117
"2759","366","sucrose","male","ivsa",8,"inactive",5
"2760","366","sucrose","male","ivsa",8,"infusion",89
"2761","366","sucrose","male","ivsa",9,"active",89
"2762","366","sucrose","male","ivsa",9,"inactive",3
"2763","366","sucrose","male","ivsa",9,"infusion",67
"2764","366","sucrose","male","ivsa",10,"active",99
"2765","366","sucrose","male","ivsa",10,"inactive",1
"2766","366","sucrose","male","ivsa",10,"infusion",68
"2767","367","sucrose","male","cue_reactivity",1,"active",53
"2768","367","sucrose","male","cue_reactivity",1,"inactive",10
"2769","367","sucrose","male","cue_reactivity",1,"infusion",37
"2770","367","sucrose","male","ivsa",1,"active",89
"2771","367","sucrose","male","ivsa",1,"inactive",48
"2772","367","sucrose","male","ivsa",1,"infusion",54
"2773","367","sucrose","male","ivsa",2,"active",54
"2774","367","sucrose","male","ivsa",2,"inactive",8
"2775","367","sucrose","male","ivsa",2,"infusion",36
"2776","367","sucrose","male","ivsa",3,"active",104
"2777","367","sucrose","male","ivsa",3,"inactive",2
"2778","367","sucrose","male","ivsa",3,"infusion",66
"2779","367","sucrose","male","ivsa",4,"active",112
"2780","367","sucrose","male","ivsa",4,"inactive",1
"2781","367","sucrose","male","ivsa",4,"infusion",78
"2782","367","sucrose","male","ivsa",5,"active",111
"2783","367","sucrose","male","ivsa",5,"inactive",2
"2784","367","sucrose","male","ivsa",5,"infusion",68
"2785","367","sucrose","male","ivsa",6,"active",62
"2786","367","sucrose","male","ivsa",6,"inactive",3
"2787","367","sucrose","male","ivsa",6,"infusion",50
"2788","367","sucrose","male","ivsa",7,"active",50
"2789","367","sucrose","male","ivsa",7,"inactive",3
"2790","367","sucrose","male","ivsa",7,"infusion",41
"2791","367","sucrose","male","ivsa",8,"active",118
"2792","367","sucrose","male","ivsa",8,"inactive",15
"2793","367","sucrose","male","ivsa",8,"infusion",90
"2794","367","sucrose","male","ivsa",9,"active",136
"2795","367","sucrose","male","ivsa",9,"inactive",8
"2796","367","sucrose","male","ivsa",9,"infusion",84
"2797","367","sucrose","male","ivsa",10,"active",73
"2798","367","sucrose","male","ivsa",10,"inactive",4
"2799","367","sucrose","male","ivsa",10,"infusion",62
"2800","368","sucrose","male","cue_reactivity",30,"active",94
"2801","368","sucrose","male","cue_reactivity",30,"inactive",10
"2802","368","sucrose","male","cue_reactivity",30,"infusion",62
"2803","368","sucrose","male","ivsa",1,"active",65
"2804","368","sucrose","male","ivsa",1,"inactive",19
"2805","368","sucrose","male","ivsa",1,"infusion",48
"2806","368","sucrose","male","ivsa",2,"active",158
"2807","368","sucrose","male","ivsa",2,"inactive",10
"2808","368","sucrose","male","ivsa",2,"infusion",86
"2809","368","sucrose","male","ivsa",3,"active",192
"2810","368","sucrose","male","ivsa",3,"inactive",13
"2811","368","sucrose","male","ivsa",3,"infusion",90
"2812","368","sucrose","male","ivsa",4,"active",175
"2813","368","sucrose","male","ivsa",4,"inactive",13
"2814","368","sucrose","male","ivsa",4,"infusion",90
"2815","368","sucrose","male","ivsa",5,"active",151
"2816","368","sucrose","male","ivsa",5,"inactive",0
"2817","368","sucrose","male","ivsa",5,"infusion",90
"2818","368","sucrose","male","ivsa",6,"active",112
"2819","368","sucrose","male","ivsa",6,"inactive",4
"2820","368","sucrose","male","ivsa",6,"infusion",82
"2821","368","sucrose","male","ivsa",7,"active",105
"2822","368","sucrose","male","ivsa",7,"inactive",2
"2823","368","sucrose","male","ivsa",7,"infusion",61
"2824","368","sucrose","male","ivsa",8,"active",116
"2825","368","sucrose","male","ivsa",8,"inactive",5
"2826","368","sucrose","male","ivsa",8,"infusion",77
"2827","368","sucrose","male","ivsa",9,"active",147
"2828","368","sucrose","male","ivsa",9,"inactive",6
"2829","368","sucrose","male","ivsa",9,"infusion",87
"2830","368","sucrose","male","ivsa",10,"active",180
"2831","368","sucrose","male","ivsa",10,"inactive",5
"2832","368","sucrose","male","ivsa",10,"infusion",90
"2833","371","sucrose","male","cue_reactivity",30,"active",65
"2834","371","sucrose","male","cue_reactivity",30,"inactive",14
"2835","371","sucrose","male","cue_reactivity",30,"infusion",49
"2836","371","sucrose","male","ivsa",1,"active",4
"2837","371","sucrose","male","ivsa",1,"inactive",7
"2838","371","sucrose","male","ivsa",1,"infusion",4
"2839","371","sucrose","male","ivsa",2,"active",2
"2840","371","sucrose","male","ivsa",2,"inactive",1
"2841","371","sucrose","male","ivsa",2,"infusion",2
"2842","371","sucrose","male","ivsa",3,"active",126
"2843","371","sucrose","male","ivsa",3,"inactive",20
"2844","371","sucrose","male","ivsa",3,"infusion",83
"2845","371","sucrose","male","ivsa",4,"active",125
"2846","371","sucrose","male","ivsa",4,"inactive",10
"2847","371","sucrose","male","ivsa",4,"infusion",88
"2848","371","sucrose","male","ivsa",5,"active",174
"2849","371","sucrose","male","ivsa",5,"inactive",8
"2850","371","sucrose","male","ivsa",5,"infusion",90
"2851","371","sucrose","male","ivsa",6,"active",144
"2852","371","sucrose","male","ivsa",6,"inactive",3
"2853","371","sucrose","male","ivsa",6,"infusion",90
"2854","371","sucrose","male","ivsa",7,"active",111
"2855","371","sucrose","male","ivsa",7,"inactive",2
"2856","371","sucrose","male","ivsa",7,"infusion",89
"2857","371","sucrose","male","ivsa",8,"active",91
"2858","371","sucrose","male","ivsa",8,"inactive",3
"2859","371","sucrose","male","ivsa",8,"infusion",80
"2860","371","sucrose","male","ivsa",9,"active",127
"2861","371","sucrose","male","ivsa",9,"inactive",7
"2862","371","sucrose","male","ivsa",9,"infusion",90
"2863","371","sucrose","male","ivsa",10,"active",133
"2864","371","sucrose","male","ivsa",10,"inactive",3
"2865","371","sucrose","male","ivsa",10,"infusion",90
"2866","372","sucrose","male","cue_reactivity",30,"active",182
"2867","372","sucrose","male","cue_reactivity",30,"inactive",30
"2868","372","sucrose","male","cue_reactivity",30,"infusion",63
"2869","372","sucrose","male","ivsa",1,"active",37
"2870","372","sucrose","male","ivsa",1,"inactive",9
"2871","372","sucrose","male","ivsa",1,"infusion",17
"2872","372","sucrose","male","ivsa",2,"active",100
"2873","372","sucrose","male","ivsa",2,"inactive",2
"2874","372","sucrose","male","ivsa",2,"infusion",45
"2875","372","sucrose","male","ivsa",3,"active",112
"2876","372","sucrose","male","ivsa",3,"inactive",2
"2877","372","sucrose","male","ivsa",3,"infusion",58
"2878","372","sucrose","male","ivsa",4,"active",104
"2879","372","sucrose","male","ivsa",4,"inactive",1
"2880","372","sucrose","male","ivsa",4,"infusion",49
"2881","372","sucrose","male","ivsa",5,"active",106
"2882","372","sucrose","male","ivsa",5,"inactive",10
"2883","372","sucrose","male","ivsa",5,"infusion",45
"2884","372","sucrose","male","ivsa",6,"active",148
"2885","372","sucrose","male","ivsa",6,"inactive",29
"2886","372","sucrose","male","ivsa",6,"infusion",67
"2887","372","sucrose","male","ivsa",7,"active",117
"2888","372","sucrose","male","ivsa",7,"inactive",8
"2889","372","sucrose","male","ivsa",7,"infusion",63
"2890","372","sucrose","male","ivsa",8,"active",129
"2891","372","sucrose","male","ivsa",8,"inactive",3
"2892","372","sucrose","male","ivsa",8,"infusion",61
"2893","372","sucrose","male","ivsa",9,"active",125
"2894","372","sucrose","male","ivsa",9,"inactive",6
"2895","372","sucrose","male","ivsa",9,"infusion",64
"2896","372","sucrose","male","ivsa",10,"active",108
"2897","372","sucrose","male","ivsa",10,"inactive",8
"2898","372","sucrose","male","ivsa",10,"infusion",60
"2899","373","sucrose","male","cue_reactivity",30,"active",61
"2900","373","sucrose","male","cue_reactivity",30,"inactive",17
"2901","373","sucrose","male","cue_reactivity",30,"infusion",34
"2902","373","sucrose","male","ivsa",1,"active",28
"2903","373","sucrose","male","ivsa",1,"inactive",6
"2904","373","sucrose","male","ivsa",1,"infusion",17
"2905","373","sucrose","male","ivsa",2,"active",11
"2906","373","sucrose","male","ivsa",2,"inactive",8
"2907","373","sucrose","male","ivsa",2,"infusion",7
"2908","373","sucrose","male","ivsa",3,"active",79
"2909","373","sucrose","male","ivsa",3,"inactive",18
"2910","373","sucrose","male","ivsa",3,"infusion",45
"2911","373","sucrose","male","ivsa",4,"active",103
"2912","373","sucrose","male","ivsa",4,"inactive",5
"2913","373","sucrose","male","ivsa",4,"infusion",47
"2914","373","sucrose","male","ivsa",5,"active",79
"2915","373","sucrose","male","ivsa",5,"inactive",12
"2916","373","sucrose","male","ivsa",5,"infusion",45
"2917","373","sucrose","male","ivsa",6,"active",98
"2918","373","sucrose","male","ivsa",6,"inactive",19
"2919","373","sucrose","male","ivsa",6,"infusion",63
"2920","373","sucrose","male","ivsa",7,"active",143
"2921","373","sucrose","male","ivsa",7,"inactive",10
"2922","373","sucrose","male","ivsa",7,"infusion",78
"2923","373","sucrose","male","ivsa",8,"active",63
"2924","373","sucrose","male","ivsa",8,"inactive",8
"2925","373","sucrose","male","ivsa",8,"infusion",45
"2926","373","sucrose","male","ivsa",9,"active",72
"2927","373","sucrose","male","ivsa",9,"inactive",3
"2928","373","sucrose","male","ivsa",9,"infusion",48
"2929","373","sucrose","male","ivsa",10,"active",75
"2930","373","sucrose","male","ivsa",10,"inactive",3
"2931","373","sucrose","male","ivsa",10,"infusion",62
"2932","374","sucrose","male","cue_reactivity",30,"active",67
"2933","374","sucrose","male","cue_reactivity",30,"inactive",14
"2934","374","sucrose","male","cue_reactivity",30,"infusion",42
"2935","374","sucrose","male","ivsa",1,"active",17
"2936","374","sucrose","male","ivsa",1,"inactive",2
"2937","374","sucrose","male","ivsa",1,"infusion",13
"2938","374","sucrose","male","ivsa",2,"active",85
"2939","374","sucrose","male","ivsa",2,"inactive",18
"2940","374","sucrose","male","ivsa",2,"infusion",51
"2941","374","sucrose","male","ivsa",3,"active",106
"2942","374","sucrose","male","ivsa",3,"inactive",11
"2943","374","sucrose","male","ivsa",3,"infusion",81
"2944","374","sucrose","male","ivsa",4,"active",102
"2945","374","sucrose","male","ivsa",4,"inactive",9
"2946","374","sucrose","male","ivsa",4,"infusion",76
"2947","374","sucrose","male","ivsa",5,"active",96
"2948","374","sucrose","male","ivsa",5,"inactive",10
"2949","374","sucrose","male","ivsa",5,"infusion",80
"2950","374","sucrose","male","ivsa",6,"active",59
"2951","374","sucrose","male","ivsa",6,"inactive",6
"2952","374","sucrose","male","ivsa",6,"infusion",49
"2953","374","sucrose","male","ivsa",7,"active",90
"2954","374","sucrose","male","ivsa",7,"inactive",17
"2955","374","sucrose","male","ivsa",7,"infusion",75
"2956","374","sucrose","male","ivsa",8,"active",84
"2957","374","sucrose","male","ivsa",8,"inactive",7
"2958","374","sucrose","male","ivsa",8,"infusion",69
"2959","374","sucrose","male","ivsa",9,"active",82
"2960","374","sucrose","male","ivsa",9,"inactive",3
"2961","374","sucrose","male","ivsa",9,"infusion",64
"2962","374","sucrose","male","ivsa",10,"active",110
"2963","374","sucrose","male","ivsa",10,"inactive",3
"2964","374","sucrose","male","ivsa",10,"infusion",90
"2965","375","sucrose","male","cue_reactivity",30,"active",47
"2966","375","sucrose","male","cue_reactivity",30,"inactive",4
"2967","375","sucrose","male","cue_reactivity",30,"infusion",32
"2968","375","sucrose","male","ivsa",1,"active",0
"2969","375","sucrose","male","ivsa",1,"inactive",14
"2970","375","sucrose","male","ivsa",1,"infusion",0
"2971","375","sucrose","male","ivsa",2,"active",4
"2972","375","sucrose","male","ivsa",2,"inactive",0
"2973","375","sucrose","male","ivsa",2,"infusion",3
"2974","375","sucrose","male","ivsa",3,"active",40
"2975","375","sucrose","male","ivsa",3,"inactive",2
"2976","375","sucrose","male","ivsa",3,"infusion",21
"2977","375","sucrose","male","ivsa",4,"active",43
"2978","375","sucrose","male","ivsa",4,"inactive",3
"2979","375","sucrose","male","ivsa",4,"infusion",21
"2980","375","sucrose","male","ivsa",5,"active",160
"2981","375","sucrose","male","ivsa",5,"inactive",3
"2982","375","sucrose","male","ivsa",5,"infusion",89
"2983","375","sucrose","male","ivsa",6,"active",123
"2984","375","sucrose","male","ivsa",6,"inactive",1
"2985","375","sucrose","male","ivsa",6,"infusion",76
"2986","375","sucrose","male","ivsa",7,"active",128
"2987","375","sucrose","male","ivsa",7,"inactive",0
"2988","375","sucrose","male","ivsa",7,"infusion",90
"2989","375","sucrose","male","ivsa",8,"active",107
"2990","375","sucrose","male","ivsa",8,"inactive",1
"2991","375","sucrose","male","ivsa",8,"infusion",68
"2992","375","sucrose","male","ivsa",9,"active",113
"2993","375","sucrose","male","ivsa",9,"inactive",0
"2994","375","sucrose","male","ivsa",9,"infusion",90
"2995","375","sucrose","male","ivsa",10,"active",98
"2996","375","sucrose","male","ivsa",10,"inactive",1
"2997","375","sucrose","male","ivsa",10,"infusion",77
"2998","376","sucrose","male","cue_reactivity",30,"active",86
"2999","376","sucrose","male","cue_reactivity",30,"inactive",18
"3000","376","sucrose","male","cue_reactivity",30,"infusion",54
"3001","376","sucrose","male","ivsa",1,"active",13
"3002","376","sucrose","male","ivsa",1,"active",55
"3003","376","sucrose","male","ivsa",1,"inactive",11
"3004","376","sucrose","male","ivsa",1,"inactive",51
"3005","376","sucrose","male","ivsa",1,"infusion",7
"3006","376","sucrose","male","ivsa",1,"infusion",47
"3007","376","sucrose","male","ivsa",2,"active",37
"3008","376","sucrose","male","ivsa",2,"active",57
"3009","376","sucrose","male","ivsa",2,"inactive",17
"3010","376","sucrose","male","ivsa",2,"inactive",13
"3011","376","sucrose","male","ivsa",2,"infusion",20
"3012","376","sucrose","male","ivsa",2,"infusion",39
"3013","376","sucrose","male","ivsa",3,"active",31
"3014","376","sucrose","male","ivsa",3,"active",66
"3015","376","sucrose","male","ivsa",3,"inactive",18
"3016","376","sucrose","male","ivsa",3,"inactive",3
"3017","376","sucrose","male","ivsa",3,"infusion",20
"3018","376","sucrose","male","ivsa",3,"infusion",46
"3019","376","sucrose","male","ivsa",4,"active",50
"3020","376","sucrose","male","ivsa",4,"active",89
"3021","376","sucrose","male","ivsa",4,"inactive",22
"3022","376","sucrose","male","ivsa",4,"inactive",6
"3023","376","sucrose","male","ivsa",4,"infusion",36
"3024","376","sucrose","male","ivsa",4,"infusion",58
"3025","376","sucrose","male","ivsa",5,"active",33
"3026","376","sucrose","male","ivsa",5,"active",113
"3027","376","sucrose","male","ivsa",5,"inactive",7
"3028","376","sucrose","male","ivsa",5,"inactive",13
"3029","376","sucrose","male","ivsa",5,"infusion",27
"3030","376","sucrose","male","ivsa",5,"infusion",79
"3031","376","sucrose","male","ivsa",6,"active",48
"3032","376","sucrose","male","ivsa",6,"active",81
"3033","376","sucrose","male","ivsa",6,"inactive",13
"3034","376","sucrose","male","ivsa",6,"inactive",5
"3035","376","sucrose","male","ivsa",6,"infusion",40
"3036","376","sucrose","male","ivsa",6,"infusion",55
"3037","376","sucrose","male","ivsa",7,"active",35
"3038","376","sucrose","male","ivsa",7,"active",84
"3039","376","sucrose","male","ivsa",7,"inactive",4
"3040","376","sucrose","male","ivsa",7,"inactive",2
"3041","376","sucrose","male","ivsa",7,"infusion",25
"3042","376","sucrose","male","ivsa",7,"infusion",69
"3043","376","sucrose","male","ivsa",8,"active",22
"3044","376","sucrose","male","ivsa",8,"active",88
"3045","376","sucrose","male","ivsa",8,"inactive",10
"3046","376","sucrose","male","ivsa",8,"inactive",8
"3047","376","sucrose","male","ivsa",8,"infusion",18
"3048","376","sucrose","male","ivsa",8,"infusion",79
"3049","376","sucrose","male","ivsa",9,"active",29
"3050","376","sucrose","male","ivsa",9,"active",100
"3051","376","sucrose","male","ivsa",9,"inactive",11
"3052","376","sucrose","male","ivsa",9,"inactive",0
"3053","376","sucrose","male","ivsa",9,"infusion",21
"3054","376","sucrose","male","ivsa",9,"infusion",78
"3055","376","sucrose","male","ivsa",10,"active",14
"3056","376","sucrose","male","ivsa",10,"active",103
"3057","376","sucrose","male","ivsa",10,"inactive",13
"3058","376","sucrose","male","ivsa",10,"inactive",10
"3059","376","sucrose","male","ivsa",10,"infusion",13
"3060","376","sucrose","male","ivsa",10,"infusion",84
"3061","377","sucrose","male","cue_reactivity",30,"active",103
"3062","377","sucrose","male","cue_reactivity",30,"inactive",12
"3063","377","sucrose","male","cue_reactivity",30,"infusion",54
"3064","377","sucrose","male","ivsa",1,"active",38
"3065","377","sucrose","male","ivsa",1,"active",31
"3066","377","sucrose","male","ivsa",1,"inactive",46
"3067","377","sucrose","male","ivsa",1,"inactive",9
"3068","377","sucrose","male","ivsa",1,"infusion",23
"3069","377","sucrose","male","ivsa",1,"infusion",20
"3070","377","sucrose","male","ivsa",2,"active",39
"3071","377","sucrose","male","ivsa",2,"active",36
"3072","377","sucrose","male","ivsa",2,"inactive",18
"3073","377","sucrose","male","ivsa",2,"inactive",6
"3074","377","sucrose","male","ivsa",2,"infusion",16
"3075","377","sucrose","male","ivsa",2,"infusion",26
"3076","377","sucrose","male","ivsa",3,"active",50
"3077","377","sucrose","male","ivsa",3,"active",39
"3078","377","sucrose","male","ivsa",3,"inactive",28
"3079","377","sucrose","male","ivsa",3,"inactive",3
"3080","377","sucrose","male","ivsa",3,"infusion",17
"3081","377","sucrose","male","ivsa",3,"infusion",29
"3082","377","sucrose","male","ivsa",4,"active",34
"3083","377","sucrose","male","ivsa",4,"active",164
"3084","377","sucrose","male","ivsa",4,"inactive",25
"3085","377","sucrose","male","ivsa",4,"inactive",3
"3086","377","sucrose","male","ivsa",4,"infusion",14
"3087","377","sucrose","male","ivsa",4,"infusion",85
"3088","377","sucrose","male","ivsa",5,"active",16
"3089","377","sucrose","male","ivsa",5,"active",128
"3090","377","sucrose","male","ivsa",5,"inactive",3
"3091","377","sucrose","male","ivsa",5,"inactive",4
"3092","377","sucrose","male","ivsa",5,"infusion",7
"3093","377","sucrose","male","ivsa",5,"infusion",66
"3094","377","sucrose","male","ivsa",6,"active",31
"3095","377","sucrose","male","ivsa",6,"active",187
"3096","377","sucrose","male","ivsa",6,"inactive",4
"3097","377","sucrose","male","ivsa",6,"inactive",6
"3098","377","sucrose","male","ivsa",6,"infusion",13
"3099","377","sucrose","male","ivsa",6,"infusion",74
"3100","377","sucrose","male","ivsa",7,"active",28
"3101","377","sucrose","male","ivsa",7,"active",152
"3102","377","sucrose","male","ivsa",7,"inactive",9
"3103","377","sucrose","male","ivsa",7,"inactive",2
"3104","377","sucrose","male","ivsa",7,"infusion",16
"3105","377","sucrose","male","ivsa",7,"infusion",73
"3106","377","sucrose","male","ivsa",8,"active",37
"3107","377","sucrose","male","ivsa",8,"active",177
"3108","377","sucrose","male","ivsa",8,"inactive",11
"3109","377","sucrose","male","ivsa",8,"inactive",8
"3110","377","sucrose","male","ivsa",8,"infusion",18
"3111","377","sucrose","male","ivsa",8,"infusion",83
"3112","377","sucrose","male","ivsa",9,"active",25
"3113","377","sucrose","male","ivsa",9,"active",158
"3114","377","sucrose","male","ivsa",9,"inactive",10
"3115","377","sucrose","male","ivsa",9,"inactive",2
"3116","377","sucrose","male","ivsa",9,"infusion",8
"3117","377","sucrose","male","ivsa",9,"infusion",72
"3118","377","sucrose","male","ivsa",10,"active",45
"3119","377","sucrose","male","ivsa",10,"active",157
"3120","377","sucrose","male","ivsa",10,"inactive",8
"3121","377","sucrose","male","ivsa",10,"inactive",5
"3122","377","sucrose","male","ivsa",10,"infusion",20
"3123","377","sucrose","male","ivsa",10,"infusion",90
"3124","378","sucrose","male","cue_reactivity",30,"active",65
"3125","378","sucrose","male","cue_reactivity",30,"inactive",7
"3126","378","sucrose","male","cue_reactivity",30,"infusion",35
"3127","378","sucrose","male","ivsa",1,"active",81
"3128","378","sucrose","male","ivsa",1,"inactive",32
"3129","378","sucrose","male","ivsa",1,"infusion",46
"3130","378","sucrose","male","ivsa",2,"active",91
"3131","378","sucrose","male","ivsa",2,"inactive",13
"3132","378","sucrose","male","ivsa",2,"infusion",56
"3133","378","sucrose","male","ivsa",3,"active",79
"3134","378","sucrose","male","ivsa",3,"inactive",18
"3135","378","sucrose","male","ivsa",3,"infusion",53
"3136","378","sucrose","male","ivsa",4,"active",153
"3137","378","sucrose","male","ivsa",4,"inactive",14
"3138","378","sucrose","male","ivsa",4,"infusion",90
"3139","378","sucrose","male","ivsa",5,"active",111
"3140","378","sucrose","male","ivsa",5,"inactive",5
"3141","378","sucrose","male","ivsa",5,"infusion",81
"3142","378","sucrose","male","ivsa",6,"active",100
"3143","378","sucrose","male","ivsa",6,"inactive",3
"3144","378","sucrose","male","ivsa",6,"infusion",75
"3145","378","sucrose","male","ivsa",7,"active",144
"3146","378","sucrose","male","ivsa",7,"inactive",2
"3147","378","sucrose","male","ivsa",7,"infusion",90
"3148","378","sucrose","male","ivsa",8,"active",88
"3149","378","sucrose","male","ivsa",8,"inactive",1
"3150","378","sucrose","male","ivsa",8,"infusion",77
"3151","378","sucrose","male","ivsa",9,"active",115
"3152","378","sucrose","male","ivsa",9,"inactive",1
"3153","378","sucrose","male","ivsa",9,"infusion",90
"3154","378","sucrose","male","ivsa",10,"active",103
"3155","378","sucrose","male","ivsa",10,"inactive",3
"3156","378","sucrose","male","ivsa",10,"infusion",75
"3157","379","sucrose","male","cue_reactivity",30,"active",119
"3158","379","sucrose","male","cue_reactivity",30,"inactive",55
"3159","379","sucrose","male","cue_reactivity",30,"infusion",60
"3160","379","sucrose","male","ivsa",1,"active",30
"3161","379","sucrose","male","ivsa",1,"active",26
"3162","379","sucrose","male","ivsa",1,"inactive",17
"3163","379","sucrose","male","ivsa",1,"inactive",19
"3164","379","sucrose","male","ivsa",1,"infusion",9
"3165","379","sucrose","male","ivsa",1,"infusion",13
"3166","379","sucrose","male","ivsa",2,"active",30
"3167","379","sucrose","male","ivsa",2,"active",57
"3168","379","sucrose","male","ivsa",2,"inactive",24
"3169","379","sucrose","male","ivsa",2,"inactive",29
"3170","379","sucrose","male","ivsa",2,"infusion",11
"3171","379","sucrose","male","ivsa",2,"infusion",36
"3172","379","sucrose","male","ivsa",3,"active",4
"3173","379","sucrose","male","ivsa",3,"active",52
"3174","379","sucrose","male","ivsa",3,"inactive",32
"3175","379","sucrose","male","ivsa",3,"inactive",14
"3176","379","sucrose","male","ivsa",3,"infusion",3
"3177","379","sucrose","male","ivsa",3,"infusion",37
"3178","379","sucrose","male","ivsa",4,"active",35
"3179","379","sucrose","male","ivsa",4,"active",145
"3180","379","sucrose","male","ivsa",4,"inactive",19
"3181","379","sucrose","male","ivsa",4,"inactive",7
"3182","379","sucrose","male","ivsa",4,"infusion",15
"3183","379","sucrose","male","ivsa",4,"infusion",79
"3184","379","sucrose","male","ivsa",5,"active",13
"3185","379","sucrose","male","ivsa",5,"active",159
"3186","379","sucrose","male","ivsa",5,"inactive",23
"3187","379","sucrose","male","ivsa",5,"inactive",11
"3188","379","sucrose","male","ivsa",5,"infusion",8
"3189","379","sucrose","male","ivsa",5,"infusion",90
"3190","379","sucrose","male","ivsa",6,"active",36
"3191","379","sucrose","male","ivsa",6,"active",142
"3192","379","sucrose","male","ivsa",6,"inactive",24
"3193","379","sucrose","male","ivsa",6,"inactive",2
"3194","379","sucrose","male","ivsa",6,"infusion",12
"3195","379","sucrose","male","ivsa",6,"infusion",90
"3196","379","sucrose","male","ivsa",7,"active",16
"3197","379","sucrose","male","ivsa",7,"active",133
"3198","379","sucrose","male","ivsa",7,"inactive",5
"3199","379","sucrose","male","ivsa",7,"inactive",5
"3200","379","sucrose","male","ivsa",7,"infusion",9
"3201","379","sucrose","male","ivsa",7,"infusion",90
"3202","379","sucrose","male","ivsa",8,"active",13
"3203","379","sucrose","male","ivsa",8,"active",134
"3204","379","sucrose","male","ivsa",8,"inactive",22
"3205","379","sucrose","male","ivsa",8,"inactive",5
"3206","379","sucrose","male","ivsa",8,"infusion",7
"3207","379","sucrose","male","ivsa",8,"infusion",90
"3208","379","sucrose","male","ivsa",9,"active",16
"3209","379","sucrose","male","ivsa",9,"active",121
"3210","379","sucrose","male","ivsa",9,"inactive",2
"3211","379","sucrose","male","ivsa",9,"inactive",3
"3212","379","sucrose","male","ivsa",9,"infusion",5
"3213","379","sucrose","male","ivsa",9,"infusion",90
"3214","379","sucrose","male","ivsa",10,"active",30
"3215","379","sucrose","male","ivsa",10,"active",122
"3216","379","sucrose","male","ivsa",10,"inactive",27
"3217","379","sucrose","male","ivsa",10,"inactive",5
"3218","379","sucrose","male","ivsa",10,"infusion",13
"3219","379","sucrose","male","ivsa",10,"infusion",90
"3220","380","sucrose","male","cue_reactivity",30,"active",128
"3221","380","sucrose","male","cue_reactivity",30,"inactive",12
"3222","380","sucrose","male","cue_reactivity",30,"infusion",64
"3223","380","sucrose","male","ivsa",1,"active",10
"3224","380","sucrose","male","ivsa",1,"active",56
"3225","380","sucrose","male","ivsa",1,"inactive",7
"3226","380","sucrose","male","ivsa",1,"inactive",16
"3227","380","sucrose","male","ivsa",1,"infusion",8
"3228","380","sucrose","male","ivsa",1,"infusion",30
"3229","380","sucrose","male","ivsa",2,"active",44
"3230","380","sucrose","male","ivsa",2,"active",82
"3231","380","sucrose","male","ivsa",2,"inactive",28
"3232","380","sucrose","male","ivsa",2,"inactive",6
"3233","380","sucrose","male","ivsa",2,"infusion",21
"3234","380","sucrose","male","ivsa",2,"infusion",50
"3235","380","sucrose","male","ivsa",3,"active",40
"3236","380","sucrose","male","ivsa",3,"active",139
"3237","380","sucrose","male","ivsa",3,"inactive",19
"3238","380","sucrose","male","ivsa",3,"inactive",11
"3239","380","sucrose","male","ivsa",3,"infusion",24
"3240","380","sucrose","male","ivsa",3,"infusion",79
"3241","380","sucrose","male","ivsa",4,"active",10
"3242","380","sucrose","male","ivsa",4,"active",95
"3243","380","sucrose","male","ivsa",4,"inactive",4
"3244","380","sucrose","male","ivsa",4,"inactive",9
"3245","380","sucrose","male","ivsa",4,"infusion",9
"3246","380","sucrose","male","ivsa",4,"infusion",53
"3247","380","sucrose","male","ivsa",5,"active",17
"3248","380","sucrose","male","ivsa",5,"active",123
"3249","380","sucrose","male","ivsa",5,"inactive",9
"3250","380","sucrose","male","ivsa",5,"inactive",8
"3251","380","sucrose","male","ivsa",5,"infusion",14
"3252","380","sucrose","male","ivsa",5,"infusion",86
"3253","380","sucrose","male","ivsa",6,"active",12
"3254","380","sucrose","male","ivsa",6,"active",106
"3255","380","sucrose","male","ivsa",6,"inactive",17
"3256","380","sucrose","male","ivsa",6,"inactive",5
"3257","380","sucrose","male","ivsa",6,"infusion",10
"3258","380","sucrose","male","ivsa",6,"infusion",64
"3259","380","sucrose","male","ivsa",7,"active",19
"3260","380","sucrose","male","ivsa",7,"active",139
"3261","380","sucrose","male","ivsa",7,"inactive",9
"3262","380","sucrose","male","ivsa",7,"inactive",9
"3263","380","sucrose","male","ivsa",7,"infusion",14
"3264","380","sucrose","male","ivsa",7,"infusion",79
"3265","380","sucrose","male","ivsa",8,"active",6
"3266","380","sucrose","male","ivsa",8,"active",168
"3267","380","sucrose","male","ivsa",8,"inactive",0
"3268","380","sucrose","male","ivsa",8,"inactive",27
"3269","380","sucrose","male","ivsa",8,"infusion",4
"3270","380","sucrose","male","ivsa",8,"infusion",86
"3271","380","sucrose","male","ivsa",9,"active",17
"3272","380","sucrose","male","ivsa",9,"active",147
"3273","380","sucrose","male","ivsa",9,"inactive",5
"3274","380","sucrose","male","ivsa",9,"inactive",6
"3275","380","sucrose","male","ivsa",9,"infusion",11
"3276","380","sucrose","male","ivsa",9,"infusion",90
"3277","380","sucrose","male","ivsa",10,"active",21
"3278","380","sucrose","male","ivsa",10,"active",124
"3279","380","sucrose","male","ivsa",10,"inactive",3
"3280","380","sucrose","male","ivsa",10,"inactive",6
"3281","380","sucrose","male","ivsa",10,"infusion",12
"3282","380","sucrose","male","ivsa",10,"infusion",80
"3283","381","sucrose","male","cue_reactivity",30,"active",70
"3284","381","sucrose","male","cue_reactivity",30,"inactive",12
"3285","381","sucrose","male","cue_reactivity",30,"infusion",42
"3286","381","sucrose","male","ivsa",1,"active",22
"3287","381","sucrose","male","ivsa",1,"inactive",13
"3288","381","sucrose","male","ivsa",1,"infusion",14
"3289","381","sucrose","male","ivsa",2,"active",35
"3290","381","sucrose","male","ivsa",2,"inactive",7
"3291","381","sucrose","male","ivsa",2,"infusion",24
"3292","381","sucrose","male","ivsa",3,"active",52
"3293","381","sucrose","male","ivsa",3,"inactive",5
"3294","381","sucrose","male","ivsa",3,"infusion",35
"3295","381","sucrose","male","ivsa",4,"active",75
"3296","381","sucrose","male","ivsa",4,"inactive",14
"3297","381","sucrose","male","ivsa",4,"infusion",47
"3298","381","sucrose","male","ivsa",5,"active",78
"3299","381","sucrose","male","ivsa",5,"inactive",3
"3300","381","sucrose","male","ivsa",5,"infusion",48
"3301","381","sucrose","male","ivsa",6,"active",36
"3302","381","sucrose","male","ivsa",6,"inactive",2
"3303","381","sucrose","male","ivsa",6,"infusion",29
"3304","381","sucrose","male","ivsa",7,"active",105
"3305","381","sucrose","male","ivsa",7,"inactive",21
"3306","381","sucrose","male","ivsa",7,"infusion",61
"3307","381","sucrose","male","ivsa",8,"active",75
"3308","381","sucrose","male","ivsa",8,"inactive",3
"3309","381","sucrose","male","ivsa",8,"infusion",50
"3310","381","sucrose","male","ivsa",9,"active",85
"3311","381","sucrose","male","ivsa",9,"inactive",14
"3312","381","sucrose","male","ivsa",9,"infusion",61
"3313","381","sucrose","male","ivsa",10,"active",70
"3314","381","sucrose","male","ivsa",10,"inactive",13
"3315","381","sucrose","male","ivsa",10,"infusion",53
"3316","383","sucrose","male","cue_reactivity",1,"active",31
"3317","383","sucrose","male","cue_reactivity",1,"inactive",14
"3318","383","sucrose","male","cue_reactivity",1,"infusion",24
"3319","383","sucrose","male","ivsa",1,"active",23
"3320","383","sucrose","male","ivsa",1,"inactive",18
"3321","383","sucrose","male","ivsa",1,"infusion",17
"3322","383","sucrose","male","ivsa",2,"active",34
"3323","383","sucrose","male","ivsa",2,"inactive",16
"3324","383","sucrose","male","ivsa",2,"infusion",24
"3325","383","sucrose","male","ivsa",3,"active",39
"3326","383","sucrose","male","ivsa",3,"inactive",12
"3327","383","sucrose","male","ivsa",3,"infusion",21
"3328","383","sucrose","male","ivsa",4,"active",71
"3329","383","sucrose","male","ivsa",4,"inactive",7
"3330","383","sucrose","male","ivsa",4,"infusion",42
"3331","383","sucrose","male","ivsa",5,"active",105
"3332","383","sucrose","male","ivsa",5,"inactive",14
"3333","383","sucrose","male","ivsa",5,"infusion",68
"3334","383","sucrose","male","ivsa",6,"active",48
"3335","383","sucrose","male","ivsa",6,"inactive",9
"3336","383","sucrose","male","ivsa",6,"infusion",36
"3337","383","sucrose","male","ivsa",7,"active",102
"3338","383","sucrose","male","ivsa",7,"inactive",14
"3339","383","sucrose","male","ivsa",7,"infusion",64
"3340","383","sucrose","male","ivsa",8,"active",123
"3341","383","sucrose","male","ivsa",8,"inactive",8
"3342","383","sucrose","male","ivsa",8,"infusion",82
"3343","383","sucrose","male","ivsa",9,"active",89
"3344","383","sucrose","male","ivsa",9,"inactive",13
"3345","383","sucrose","male","ivsa",9,"infusion",65
"3346","383","sucrose","male","ivsa",10,"active",94
"3347","383","sucrose","male","ivsa",10,"inactive",9
"3348","383","sucrose","male","ivsa",10,"infusion",60
"3349","384","sucrose","male","cue_reactivity",1,"active",47
"3350","384","sucrose","male","cue_reactivity",1,"inactive",1
"3351","384","sucrose","male","cue_reactivity",1,"infusion",29
"3352","384","sucrose","male","ivsa",1,"active",84
"3353","384","sucrose","male","ivsa",1,"inactive",11
"3354","384","sucrose","male","ivsa",1,"infusion",47
"3355","384","sucrose","male","ivsa",2,"active",83
"3356","384","sucrose","male","ivsa",2,"inactive",2
"3357","384","sucrose","male","ivsa",2,"infusion",52
"3358","384","sucrose","male","ivsa",3,"active",103
"3359","384","sucrose","male","ivsa",3,"inactive",1
"3360","384","sucrose","male","ivsa",3,"infusion",71
"3361","384","sucrose","male","ivsa",4,"active",124
"3362","384","sucrose","male","ivsa",4,"inactive",1
"3363","384","sucrose","male","ivsa",4,"infusion",76
"3364","384","sucrose","male","ivsa",5,"active",101
"3365","384","sucrose","male","ivsa",5,"inactive",1
"3366","384","sucrose","male","ivsa",5,"infusion",71
"3367","384","sucrose","male","ivsa",6,"active",104
"3368","384","sucrose","male","ivsa",6,"inactive",6
"3369","384","sucrose","male","ivsa",6,"infusion",66
"3370","384","sucrose","male","ivsa",7,"active",111
"3371","384","sucrose","male","ivsa",7,"inactive",4
"3372","384","sucrose","male","ivsa",7,"infusion",70
"3373","384","sucrose","male","ivsa",8,"active",89
"3374","384","sucrose","male","ivsa",8,"inactive",2
"3375","384","sucrose","male","ivsa",8,"infusion",65
"3376","384","sucrose","male","ivsa",9,"active",101
"3377","384","sucrose","male","ivsa",9,"inactive",1
"3378","384","sucrose","male","ivsa",9,"infusion",65
"3379","384","sucrose","male","ivsa",10,"active",137
"3380","384","sucrose","male","ivsa",10,"inactive",2
"3381","384","sucrose","male","ivsa",10,"infusion",85
